fecha,real,modelo_random_forest,modelo_arbol,modelo_extra_trees,modelo_hist_gradient_boosting,modelo_holt_winters,modelo_ridge,modelo_regresion_lineal,ultimo_valor,estacional_7,media_movil_7,limite_inferior,limite_superior
2026-07-01,2741926.19,2739979.0527342414,2726553.603333333,2737776.729157956,2746304.074178507,2742289.6197121795,2763636.449994376,2760592.6757452614,2740005.27,2788523.73,2673081.858571429,2611390.666333333,2841716.540333333
2026-07-02,2754201.4,2737565.257726307,2709922.1280000005,2731431.7674011593,2755673.70458491,2727343.0367125142,2756313.9693541494,2756663.498291233,2740005.27,2789830.6,2656590.162653061,2594759.1910000006,2825085.0650000004
2026-07-03,2775456.05,2734622.5633006506,2709922.1280000005,2730424.127770951,2753299.8326036325,2731637.034088561,2733333.8888681396,2764329.4482949506,2740005.27,2747065.68,2637555.8144606417,2594759.1910000006,2825085.0650000004
2026-07-04,2580824.13,2639213.4738363074,2572890.9133333336,2615745.7414856143,2657479.4526118524,2631707.278285777,2609725.373434409,2613877.431828526,2740005.27,2693447.65,2621911.5479550185,2457727.9763333336,2688053.8503333335
2026-07-05,2454123.25,2439474.341889781,2425101.445454546,2429673.6481757914,2459415.6091787913,2423208.3995690765,2473317.4971919777,2465451.7055515577,2740005.27,2454842.48,2611692.1048057354,2309938.508454546,2540264.3824545457
2026-07-06,2756933.28,2661104.734072527,2652941.50875,2684559.204784223,2639416.644142269,2650220.22909586,2606625.8142420966,2628964.1755758673,2740005.27,2497857.6,2634099.1940636975,2537778.57175,2768104.44575
2026-07-07,2783371.32,2701843.2209441834,2697316.2132500005,2717240.1994694523,2698037.470056063,2722639.7487602006,2723483.53526479,2733862.300147946,2740005.27,2740005.27,2653562.2789299404,2582153.2762500006,2812479.1502500004
2026-07-08,2795500.8,2718998.1226514573,2709922.1280000005,2730352.136337598,2718640.2154978705,2742289.6197126843,2751849.7914232467,2747112.483609877,2740005.27,2788523.73,2641213.280205646,2594759.1910000006,2825085.0650000004
2026-07-09,2760835.08,2722658.58464008,2725563.602,2733821.649940688,2722042.2054399233,2727343.0367129967,2755229.1265183915,2752788.1370580574,2740005.27,2789830.6,2636660.6261533913,2610400.665,2840726.539
2026-07-10,2722501.82,2725877.9882680606,2725563.602,2734946.3475296083,2712939.3038728344,2731637.034089022,2746709.9299525837,2781437.1564704897,2740005.27,2747065.68,2633813.549510582,2610400.665,2840726.539
2026-07-11,2642065.09,2607416.0707497103,2602403.2010526317,2619597.9672100293,2605393.843565496,2631707.2782862177,2617486.7334262137,2623698.874046309,2740005.27,2693447.65,2633278.9402320012,2487240.264052632,2717566.1380526316
2026-07-12,2437498.14,2423676.8074237434,2437795.6723076925,2427030.0443348493,2402336.1604249286,2423208.3995694974,2491946.3849594854,2481472.208198988,2740005.27,2454842.48,2634902.8534144275,2322632.7353076926,2552958.6093076924
2026-07-13,2520849.96,2665739.929383436,2699565.914285715,2680972.6187088504,2638116.786523881,2650220.2290962623,2592774.1328356145,2615445.736476943,2740005.27,2497857.6,2638218.6746442406,2584402.9772857153,2814728.851285715
2026-07-14,2748385.99,2703799.2605487728,2751670.125384615,2717415.040522888,2704970.3735256633,2722639.7487605847,2709817.8265048685,2716605.751373748,2740005.27,2740005.27,2638807.171870033,2636507.188384615,2866833.0623846147
2026-07-15,2789573.25,2722262.204738474,2752025.2663636366,2730403.2001801254,2724759.4073244864,2742289.6197130512,2744396.126666837,2731231.3571265857,2740005.27,2788523.73,2636699.299432903,2636862.3293636367,2867188.2033636365
2026-07-16,2766541.57,2728515.717226657,2752025.2663636366,2733080.4498056453,2732470.234532764,2727343.036713348,2742859.843447987,2731971.6304950286,2740005.27,2789830.6,2636054.4450367973,2636862.3293636367,2867188.2033636365
2026-07-17,2803273.76,2728269.412398775,2752025.2663636366,2733456.60038977,2736823.1815695297,2731637.034089357,2730793.142633011,2764656.158769802,2740005.27,2747065.68,2635967.847734426,2636862.3293636367,2867188.2033636365
2026-07-18,2687787.67,2605497.9865661017,2644953.5933333337,2616988.3739766744,2628305.416541031,2631707.278286538,2583388.1525413003,2582093.255731501,2740005.27,2693447.65,2636275.6046235473,2529790.656333334,2760116.5303333336
2026-07-19,2496194.17,2425279.541692937,2437795.6723076925,2427938.5010544644,2431137.1948415246,2423208.3995698034,2483897.452763237,2459343.085399995,2740005.27,2454842.48,2636703.6995366253,2322632.7353076926,2552958.6093076924
2026-07-20,2506247.56,2498890.4291755157,2465628.959090909,2489235.041161601,2479886.536244258,2650220.2290965547,2465221.756960744,2445298.004161765,2740005.27,2497857.6,2636960.963268367,2350466.022090909,2580791.896090909
2026-07-21,2694129.84,2699273.593431424,2699565.914285715,2699644.6888620113,2705847.0291101485,2722639.7487608646,2698584.8447332573,2676612.9017791953,2740005.27,2740005.27,2636781.2902146713,2584402.9772857153,2814728.851285715
2026-07-22,2736387.86,2719869.264328759,2709922.1280000005,2722219.670928113,2723157.2534319838,2742289.6197133185,2743446.7756311116,2718319.1417730823,2740005.27,2788523.73,2636491.87854962,2594759.1910000006,2825085.0650000004
2026-07-23,2731533.84,2722450.810207384,2709922.1280000005,2727735.413708146,2730226.886517777,2727343.036713603,2749079.702053178,2731810.110137274,2740005.27,2789830.6,2636462.2469948647,2594759.1910000006,2825085.0650000004
2026-07-24,2707736.67,2725583.320179991,2709922.1280000005,2728221.0104025644,2727857.000311854,2731637.034089601,2735300.4093444794,2768812.701729862,2740005.27,2747065.68,2636520.504417446,2594759.1910000006,2825085.0650000004
2026-07-25,2628282.0,2596229.99132118,2602403.2010526317,2610260.791726024,2628156.902514556,2631707.278286771,2592812.6270515407,2590717.595766158,2740005.27,2693447.65,2636599.455372163,2487240.264052632,2717566.1380526316
2026-07-26,2435159.51,2418319.6113405875,2437795.6723076925,2423881.1185366274,2429284.1710782945,2423208.399570026,2494661.4746197397,2468890.776422285,2740005.27,2454842.48,2636645.719764822,2322632.7353076926,2552958.6093076924
2026-07-27,2693974.16,2658175.841361227,2652941.50875,2681724.6054689377,2644590.251753506,2650220.2290967675,2580296.286800247,2593831.377839576,2740005.27,2497857.6,2636637.436940279,2537778.57175,2768104.44575
2026-07-28,2735012.18,2703607.712416968,2697316.2132500005,2720047.223560684,2712470.64874119,2722639.7487610676,2707206.106687626,2702588.049563704,2740005.27,2740005.27,2636591.2188934092,2582153.2762500006,2812479.1502500004
2026-07-29,2792949.4,2722055.1287202607,2725563.602,2732813.723010016,2734750.401456215,2742289.619713513,2745309.561050335,2721736.8557891576,2740005.27,2788523.73,2636564.0658475147,2610400.665,2840726.539
2026-07-30,2802372.01,2727975.4075769954,2725563.602,2734657.3361220243,2742982.9964063726,2727343.0367137883,2749231.2110948507,2730807.931184452,2740005.27,2789830.6,2636574.3783186427,2610400.665,2840726.539
2026-07-31,2779037.18,2727228.968017349,2725563.602,2734458.249040479,2752572.0967721534,2731637.034089778,2736566.4939492424,2775897.7809451455,2740005.27,2747065.68,2636590.3970791823,2610400.665,2840726.539
