fecha,demanda_total_kwh,demanda_regulada_kwh,demanda_no_regulada_kwh,perdidas_total_kwh,perdidas_regulada_kwh,perdidas_no_regulada_kwh,consumo_facturado_calendarizado_total_kwh,consumo_facturado_mensual_kwh,consumo_facturado_trimestral_kwh,consumo_facturado_irregular_kwh,registros_facturacion_activos,dia_semana,es_fin_de_semana,mes,dia_del_ano,cobertura_calendarizacion_completa
2025-01-01,2308917.170000,2104531.140000,204386.030000,35472.050000,31815.960000,3656.090000,2261558.036466,1888872.216093,372662.153706,23.666667,568545,2,0,1,1,1
2025-01-02,2632251.850000,2392960.290000,239291.560000,35334.910000,31832.650000,3502.260000,2263100.380426,1888872.216093,374204.497666,23.666667,569713,3,0,1,2,1
2025-01-03,2696044.410000,2459318.890000,236725.520000,39481.300000,35754.190000,3727.110000,2264490.022349,1888872.216093,375594.139589,23.666667,570628,4,0,1,3,1
2025-01-04,2621651.970000,2390634.890000,231017.080000,42070.070000,38039.510000,4030.560000,2265489.888184,1888872.216093,376617.672090,0.000000,571320,5,1,1,4,1
2025-01-05,2435310.670000,2221732.930000,213577.740000,35041.730000,31693.710000,3348.020000,2265597.995382,1888872.216093,376725.779289,0.000000,571737,6,1,1,5,1
2025-01-06,2462237.900000,2229919.430000,232318.470000,30041.190000,26861.050000,3180.140000,2240161.852905,1888872.216093,351289.636812,0.000000,554892,0,0,1,6,1
2025-01-07,2653931.760000,2413032.970000,240898.790000,30263.110000,27302.610000,2960.500000,2239894.933857,1888872.216093,351022.717764,0.000000,555237,1,0,1,7,1
2025-01-08,2712162.590000,2471196.340000,240966.250000,32700.790000,29535.150000,3165.640000,2240210.111273,1888872.216093,351337.895179,0.000000,556062,2,0,1,8,1
2025-01-09,2719317.740000,2481852.790000,237464.950000,38195.970000,34626.510000,3569.460000,2241892.408397,1888867.501808,353024.906589,0.000000,557002,3,0,1,9,1
2025-01-10,2726094.850000,2481656.220000,244438.630000,48361.050000,43928.520000,4432.530000,2240581.348278,1885082.032242,355499.316035,0.000000,558300,4,0,1,10,1
2025-01-11,2625532.640000,2395112.870000,230419.770000,34564.710000,31289.530000,3275.180000,2247197.227136,1885071.750503,362125.476633,0.000000,561968,5,1,1,11,1
2025-01-12,2429513.670000,2203953.910000,225559.760000,28997.890000,25818.900000,3178.990000,2244859.473244,1880622.518249,364236.954996,0.000000,563166,6,1,1,12,1
2025-01-13,2728351.560000,2477537.860000,250813.700000,34641.230000,31234.500000,3406.730000,2246553.369151,1880622.518249,365930.850903,0.000000,564471,0,0,1,13,1
2025-01-14,2759225.730000,2498243.850000,260981.880000,35344.520000,31594.660000,3749.860000,2242767.004660,1880605.982534,362161.022126,0.000000,561323,1,0,1,14,1
2025-01-15,2809569.710000,2535663.370000,273906.340000,31987.260000,28428.650000,3558.610000,2244421.571109,1880559.592015,363861.979094,0.000000,562484,2,0,1,15,1
2025-01-16,2810551.050000,2537000.320000,273550.730000,37853.810000,33810.530000,4043.280000,2246483.677909,1880485.671401,365998.006509,0.000000,563614,3,0,1,16,1
2025-01-17,2767223.540000,2501918.910000,265304.630000,39818.880000,35736.460000,4082.420000,2245474.191624,1878474.923185,366999.268440,0.000000,565434,4,0,1,17,1
2025-01-18,2647330.990000,2405871.790000,241459.200000,33052.690000,29756.470000,3296.220000,2249778.974247,1881893.534677,367885.439570,0.000000,567088,5,1,1,18,1
2025-01-19,2434714.130000,2205945.320000,228768.810000,28512.690000,25523.980000,2988.710000,2261748.126808,1892658.937113,369089.189695,0.000000,568668,6,1,1,19,1
2025-01-20,2724067.400000,2474272.180000,249795.220000,40280.640000,36290.000000,3990.640000,2250611.920164,1880913.679586,369698.240577,0.000000,569056,0,0,1,20,1
2025-01-21,2768344.880000,2513982.130000,254362.750000,33302.040000,29871.930000,3430.110000,2298705.186019,1928366.925705,370338.260314,0.000000,572433,1,0,1,21,1
2025-01-22,2752608.970000,2484709.970000,267899.000000,34698.570000,30950.690000,3747.880000,2306820.165562,1938155.038415,368665.127147,0.000000,573193,2,0,1,22,1
2025-01-23,2682675.820000,2403021.370000,279654.450000,40469.350000,35921.570000,4547.780000,2335553.679731,1967190.507169,368363.172562,0.000000,576166,3,0,1,23,1
2025-01-24,2759703.590000,2488872.020000,270831.570000,46194.460000,41389.760000,4804.700000,2096227.925984,1727908.077640,368319.848344,0.000000,572146,4,0,1,24,1
2025-01-25,2649945.130000,2409991.700000,239953.430000,38828.790000,35140.140000,3688.650000,2103797.846624,1735530.167512,368267.679112,0.000000,572344,5,1,1,25,1
2025-01-26,2402984.110000,2174900.310000,228083.800000,29127.540000,25957.970000,3169.570000,2089123.286567,1720893.456508,368229.830059,0.000000,568564,6,1,1,26,1
2025-01-27,2731942.820000,2476054.890000,255887.930000,46915.590000,42392.420000,4523.170000,2085479.394494,1717274.557220,368204.837274,0.000000,567465,0,0,1,27,1
2025-01-28,2769213.860000,2498403.330000,270810.530000,35339.910000,31589.270000,3750.640000,2083498.795720,1715298.756426,368200.039294,0.000000,566913,1,0,1,28,1
2025-01-29,2787614.390000,2510882.850000,276731.540000,33875.060000,30097.000000,3778.060000,2083374.270945,1715174.231651,368200.039294,0.000000,566905,2,0,1,29,1
2025-01-30,2786030.660000,2510018.060000,276012.600000,34726.290000,30964.450000,3761.840000,2083374.270945,1715174.231651,368200.039294,0.000000,566905,3,0,1,30,1
2025-01-31,2804927.320000,2525148.120000,279779.200000,36589.080000,32680.420000,3908.660000,2083374.270945,1715174.231651,368200.039294,0.000000,566905,4,0,1,31,1
2025-02-01,2665812.920000,2411484.480000,254328.440000,34988.340000,31186.140000,3802.200000,2083340.870945,1715174.231651,368166.639294,0.000000,566890,5,1,2,32,1
2025-02-02,2469861.130000,2238643.800000,231217.330000,33245.470000,29743.910000,3501.560000,2325921.389464,1957754.750170,368166.639294,0.000000,567178,6,1,2,33,1
2025-02-03,2783584.560000,2526562.070000,257022.490000,40186.320000,36264.980000,3921.340000,2325921.389464,1957754.750170,368166.639294,0.000000,567178,0,0,2,34,1
2025-02-04,2783170.150000,2530724.020000,252446.130000,36847.860000,33146.380000,3701.480000,2325921.389464,1957754.750170,368166.639294,0.000000,567177,1,0,2,35,1
2025-02-05,2766316.880000,2521165.640000,245151.240000,44110.810000,39741.890000,4368.920000,2325921.389464,1957754.750170,368166.639294,0.000000,567177,2,0,2,36,1
2025-02-06,2757929.420000,2514038.470000,243890.950000,37688.500000,34015.530000,3672.970000,2325921.389464,1957754.750170,368166.639294,0.000000,567177,3,0,2,37,1
2025-02-07,2782232.940000,2527172.700000,255060.240000,43643.850000,39306.430000,4337.420000,2325921.389464,1957754.750170,368166.639294,0.000000,567177,4,0,2,38,1
2025-02-08,2665881.470000,2414669.540000,251211.930000,46222.370000,41482.120000,4740.250000,2325921.389464,1957754.750170,368166.639294,0.000000,567177,5,1,2,39,1
2025-02-09,2415046.600000,2194846.030000,220200.570000,34231.070000,30781.700000,3449.370000,2325921.389464,1957754.750170,368166.639294,0.000000,567177,6,1,2,40,1
2025-02-10,2727517.360000,2475586.710000,251930.650000,35261.070000,31829.300000,3431.770000,2325921.389464,1957754.750170,368166.639294,0.000000,567177,0,0,2,41,1
2025-02-11,2744433.240000,2485819.640000,258613.600000,42595.570000,38182.300000,4413.270000,2325921.389464,1957754.750170,368166.639294,0.000000,567177,1,0,2,42,1
2025-02-12,2790802.490000,2528052.680000,262749.810000,35354.930000,31484.240000,3870.690000,2325921.389464,1957754.750170,368166.639294,0.000000,567177,2,0,2,43,1
2025-02-13,2742995.180000,2482034.790000,260960.390000,38386.590000,34382.070000,4004.520000,2325921.389464,1957754.750170,368166.639294,0.000000,567175,3,0,2,44,1
2025-02-14,2726584.020000,2468883.070000,257700.950000,46807.680000,42188.980000,4618.700000,2325921.389464,1957754.750170,368166.639294,0.000000,567175,4,0,2,45,1
2025-02-15,2565811.700000,2329447.450000,236364.250000,39841.940000,35566.710000,4275.230000,2325921.389464,1957754.750170,368166.639294,0.000000,567169,5,1,2,46,1
2025-02-16,2403104.660000,2183992.710000,219111.950000,35866.330000,31994.770000,3871.560000,2317843.556131,1949676.916836,368166.639294,0.000000,566974,6,1,2,47,1
2025-02-17,2679909.210000,2433190.200000,246719.010000,43332.400000,39020.270000,4312.130000,2334508.779164,1966342.139870,368166.639294,0.000000,568729,0,0,2,48,1
2025-02-18,2710177.960000,2458476.460000,251701.500000,42488.620000,38195.960000,4292.660000,2351581.466234,1983414.826940,368166.639294,0.000000,570115,1,0,2,49,1
2025-02-19,2767981.080000,2500933.900000,267047.180000,42974.990000,38290.200000,4684.790000,2361612.173632,1993445.534338,368166.639294,0.000000,571203,2,0,2,50,1
2025-02-20,2800032.730000,2526083.470000,273949.260000,46113.520000,41164.150000,4949.370000,2388843.083612,2020676.444318,368166.639294,0.000000,572971,3,0,2,51,1
2025-02-21,2821148.200000,2550881.040000,270267.160000,48834.730000,43839.210000,4995.520000,2347465.678994,1979299.039699,368166.639294,0.000000,570770,4,0,2,52,1
2025-02-22,2651614.640000,2414734.400000,236880.240000,42879.820000,38551.270000,4328.550000,2339392.835990,1971226.196695,368166.639294,0.000000,569730,5,1,2,53,1
2025-02-23,2444076.860000,2221138.800000,222938.060000,49221.460000,44285.760000,4935.700000,2350913.819746,1982747.180452,368166.639294,0.000000,570276,6,1,2,54,1
2025-02-24,2798291.520000,2546336.160000,251955.360000,58299.370000,52896.760000,5402.610000,2354878.975413,1986712.336119,368166.639294,0.000000,569344,0,0,2,55,1
2025-02-25,2681278.280000,2417562.050000,263716.230000,50234.110000,45105.840000,5128.270000,2326662.599895,1958495.960601,368166.639294,0.000000,567351,1,0,2,56,1
2025-02-26,2627645.930000,2359616.670000,268029.260000,41609.200000,36907.160000,4702.040000,2326662.599895,1958495.960601,368166.639294,0.000000,567351,2,0,2,57,1
2025-02-27,2531078.010000,2265889.840000,265188.170000,42343.260000,37529.740000,4813.520000,2326662.599895,1958495.960601,368166.639294,0.000000,567351,3,0,2,58,1
2025-02-28,2821713.380000,2564734.790000,256978.590000,45388.610000,40907.620000,4480.990000,2326662.599895,1958495.960601,368166.639294,0.000000,567351,4,0,2,59,1
2025-03-01,2686472.040000,2448729.190000,237742.850000,55450.500000,50227.260000,5223.240000,2084082.081376,1715915.442082,368166.639294,0.000000,567063,5,1,3,60,1
2025-03-02,2449367.450000,2235049.220000,214318.230000,33188.330000,30016.170000,3172.160000,2319432.114710,1951265.475415,368166.639294,0.000000,567357,6,1,3,61,1
2025-03-03,2706356.790000,2461746.540000,244610.250000,45594.360000,41352.650000,4241.710000,2319432.114710,1951265.475415,368166.639294,0.000000,567357,0,0,3,62,1
2025-03-04,2710405.310000,2474813.650000,235591.660000,45348.600000,41005.290000,4343.310000,2319432.389710,1951265.475415,368166.639294,0.275000,567358,1,0,3,63,1
2025-03-05,2744031.160000,2507489.230000,236541.930000,37899.260000,34255.180000,3644.080000,2319432.389710,1951265.475415,368166.639294,0.275000,567358,2,0,3,64,1
2025-03-06,2735348.840000,2494256.410000,241092.430000,40665.730000,36794.930000,3870.800000,2319432.456937,1951265.475415,368166.639294,0.342227,567359,3,0,3,65,1
2025-03-07,2701015.210000,2463561.340000,237453.870000,45378.700000,41029.500000,4349.200000,2319433.952663,1951265.475415,368166.639294,1.837953,567360,4,0,3,66,1
2025-03-08,2602325.830000,2383627.680000,218698.150000,40944.450000,37139.030000,3805.420000,2319436.954184,1951265.475415,368166.639294,4.839475,567362,5,1,3,67,1
2025-03-09,2422841.560000,2211305.640000,211535.920000,36773.030000,33361.100000,3411.930000,2319436.954184,1951265.475415,368166.639294,4.839475,567362,6,1,3,68,1
2025-03-10,2739774.340000,2487571.470000,252202.870000,40801.590000,36699.660000,4101.930000,2319436.954184,1951265.475415,368166.639294,4.839475,567362,0,0,3,69,1
2025-03-11,2796127.300000,2533667.150000,262460.150000,45316.580000,40569.310000,4747.270000,2320076.803924,1951265.475415,368166.639294,644.689214,567372,1,0,3,70,1
2025-03-12,2769508.080000,2508017.620000,261490.460000,40721.450000,36438.110000,4283.340000,2320076.803924,1951265.475415,368166.639294,644.689214,567372,2,0,3,71,1
2025-03-13,2763996.820000,2508646.190000,255350.630000,44532.680000,39939.270000,4593.410000,2319437.303924,1951265.475415,368166.639294,5.189214,567365,3,0,3,72,1
2025-03-14,2750102.820000,2507806.250000,242296.570000,51238.420000,46293.200000,4945.220000,2319439.987685,1951265.475415,368166.639294,7.872975,567366,4,0,3,73,1
2025-03-15,2637867.570000,2406695.970000,231171.600000,46675.610000,42118.430000,4557.180000,2319439.987685,1951265.475415,368166.639294,7.872975,567366,5,1,3,74,1
2025-03-16,2415719.930000,2201687.790000,214032.140000,43902.850000,39526.830000,4376.020000,2314458.358055,1946283.845786,368166.639294,7.872975,566981,6,1,3,75,1
2025-03-17,2675206.870000,2428314.750000,246892.120000,43234.560000,38968.810000,4265.750000,2317645.332369,1949339.134633,368236.210863,69.986873,565062,0,0,3,76,1
2025-03-18,2695499.290000,2439718.090000,255781.200000,40378.670000,36131.610000,4247.060000,2300580.542643,1932270.479609,368237.113388,72.949645,562788,1,0,3,77,1
2025-03-19,2735187.250000,2473412.260000,261774.990000,40248.490000,35891.240000,4357.250000,2281517.537157,1913207.474123,368237.113388,72.949645,561530,2,0,3,78,1
2025-03-20,2758299.790000,2497426.180000,260873.610000,44227.880000,39680.460000,4547.420000,2233262.343154,1864947.264475,368237.959542,77.119136,560624,3,0,3,79,1
2025-03-21,2763268.110000,2496162.280000,267105.830000,38073.690000,34131.580000,3942.110000,2270450.016057,1902106.131731,368266.711136,77.173190,562204,4,0,3,80,1
2025-03-22,2640004.950000,2397375.640000,242629.310000,64189.130000,58060.140000,6128.990000,2273486.178226,1905142.293900,368266.711136,77.173190,563372,5,1,3,81,1
2025-03-23,2443165.960000,2220421.150000,222744.810000,39848.640000,35936.920000,3911.720000,2284386.108209,1916038.186500,368270.748519,77.173190,565405,6,1,3,82,1
2025-03-24,2527571.880000,2299463.340000,228108.540000,42211.750000,37867.000000,4344.750000,2302587.303792,1934237.568999,368272.561603,77.173190,568332,0,0,3,83,1
2025-03-25,2782839.320000,2523193.960000,259645.360000,45227.180000,40570.420000,4656.760000,2303004.831811,1934237.568999,368542.125412,225.137400,568610,1,0,3,84,1
2025-03-26,2824334.550000,2547566.190000,276768.360000,44689.160000,39981.470000,4707.690000,2303050.339424,1934237.568999,368580.404538,232.365887,568630,2,0,3,85,1
2025-03-27,2849467.960000,2568894.310000,280573.650000,46536.670000,41611.140000,4925.530000,2303073.897079,1934237.568999,368603.962193,232.365887,568643,3,0,3,86,1
2025-03-28,2821384.290000,2544012.390000,277371.900000,43553.320000,39047.880000,4505.440000,2302918.570618,1934237.568999,368447.185281,233.816337,568631,4,0,3,87,1
2025-03-29,2700921.960000,2438711.330000,262210.630000,41733.530000,37450.340000,4283.190000,2302101.321403,1934237.568999,367586.084822,277.667581,568541,5,1,3,88,1
2025-03-30,2445871.050000,2217392.880000,228478.170000,38081.150000,34418.310000,3662.840000,2301123.303125,1934237.568999,366525.546652,360.187474,568483,6,1,3,89,1
2025-03-31,2670667.850000,2410154.210000,260513.640000,37078.020000,33197.120000,3880.900000,2300556.648931,1934237.568999,365916.648383,402.431548,568404,0,0,3,90,1
2025-04-01,2717043.670000,2451610.560000,265433.110000,35096.790000,31134.940000,3961.850000,2064120.632230,1698887.535666,364746.604623,486.491941,568088,1,0,4,91,1
2025-04-02,2747422.220000,2492801.930000,254620.290000,34944.460000,31232.190000,3712.270000,2299022.692282,1934060.811528,364428.767189,533.113565,568457,2,0,4,92,1
2025-04-03,2750797.930000,2504589.620000,246208.310000,41333.140000,37514.940000,3818.200000,2298762.679523,1934060.811528,364119.028175,582.839820,568457,3,0,4,93,1
2025-04-04,2753402.660000,2508020.730000,245381.930000,41094.960000,37294.470000,3800.490000,2298132.387219,1934060.811528,363447.208146,624.367546,568458,4,0,4,94,1
2025-04-05,2619001.290000,2383241.230000,235760.060000,37525.020000,33848.720000,3676.300000,2297462.420880,1934060.811528,362700.254454,701.354899,568539,5,1,4,95,1
2025-04-06,2399726.290000,2181991.300000,217734.990000,40515.600000,36531.140000,3984.460000,2296362.725487,1934060.811528,361503.313009,798.600949,568479,6,1,4,96,1
2025-04-07,2687022.030000,2432758.970000,254263.060000,38738.580000,34832.890000,3905.690000,2296163.312229,1934060.811528,361299.612205,802.888496,568364,0,0,4,97,1
2025-04-08,2728899.090000,2469190.340000,259708.750000,39690.100000,35597.110000,4092.990000,2296293.430533,1934060.811528,361360.195995,872.423011,568141,1,0,4,98,1
2025-04-09,2753859.410000,2485009.900000,268849.510000,40382.030000,36194.250000,4187.780000,2295774.463341,1934060.811528,360771.671036,941.980777,568040,2,0,4,99,1
2025-04-10,2748164.030000,2482593.790000,265570.240000,46737.680000,42029.280000,4708.400000,2294476.494614,1934060.811528,359437.818280,977.864806,568137,3,0,4,100,1
2025-04-11,2729041.990000,2465839.920000,263202.070000,39945.460000,35999.610000,3945.850000,2288879.981764,1934060.811528,353800.620585,1018.549651,565806,4,0,4,101,1
2025-04-12,2660045.720000,2419820.950000,240224.770000,44611.010000,40550.960000,4060.050000,2287387.746828,1934060.811528,352210.521567,1116.413733,565502,5,1,4,102,1
2025-04-13,2481188.980000,2244586.810000,236602.170000,36390.330000,32611.120000,3779.210000,2286721.557747,1934060.811528,351544.332486,1116.413733,565370,6,1,4,103,1
2025-04-14,2774049.380000,2524415.930000,249633.450000,42748.520000,38540.000000,4208.520000,2286241.730796,1934060.811528,351064.505535,1116.413733,565092,0,0,4,104,1
2025-04-15,2850157.510000,2602564.090000,247593.420000,42459.990000,38601.560000,3858.430000,2286026.461307,1934060.811528,350828.239119,1137.410660,564911,1,0,4,105,1
2025-04-16,2814470.850000,2567830.210000,246640.640000,33693.350000,30305.430000,3387.920000,2273920.414110,1922675.611528,350107.279019,1137.523563,564217,2,0,4,106,1
2025-04-17,2546339.190000,2320341.390000,225997.800000,38632.870000,34682.030000,3950.840000,2283290.340459,1932616.560266,349536.256630,1137.523563,564078,3,0,4,107,1
2025-04-18,2411988.750000,2198560.830000,213427.920000,29415.210000,26245.790000,3169.420000,2280547.792340,1929476.264030,349934.004746,1137.523563,564458,4,0,4,108,1
2025-04-19,2572800.330000,2349674.970000,223125.360000,38107.510000,34302.940000,3804.570000,2283962.635847,1932887.702787,349937.409496,1137.523563,565726,5,1,4,109,1
2025-04-20,2472894.900000,2255663.800000,217231.100000,39486.020000,35684.280000,3801.740000,2322406.880455,1971682.364096,349586.992796,1137.523563,569145,6,1,4,110,1
2025-04-21,2702053.900000,2475475.780000,226578.120000,39997.410000,36568.440000,3428.970000,2272999.994843,1922451.391674,349411.079605,1137.523563,567088,0,0,4,111,1
2025-04-22,2708759.550000,2458506.670000,250252.880000,41911.090000,37951.970000,3959.120000,2279370.984909,1928022.509057,350210.952289,1137.523563,569399,1,0,4,112,1
2025-04-23,2718319.290000,2453796.960000,264522.330000,40473.890000,36232.790000,4241.100000,2286345.225143,1933380.153654,351824.314593,1140.756897,572496,2,0,4,113,1
2025-04-24,2709611.250000,2455641.220000,253970.030000,41430.290000,37351.750000,4078.540000,2304277.831840,1950550.816971,352545.286957,1181.727911,575170,3,0,4,114,1
2025-04-25,2700199.580000,2440176.420000,260023.160000,40107.700000,36045.180000,4062.520000,2269788.043335,1914605.002718,353974.107889,1208.932728,568248,4,0,4,115,1
2025-04-26,2583599.620000,2338553.280000,245046.340000,39985.500000,36144.590000,3840.910000,2270277.886223,1914605.002718,354399.553266,1273.330238,568711,5,1,4,116,1
2025-04-27,2414025.660000,2180370.940000,233654.720000,26807.030000,23819.450000,2987.580000,2271179.826667,1914605.002718,355165.760288,1409.063661,569136,6,1,4,117,1
2025-04-28,2672115.240000,2416004.240000,256111.000000,35822.390000,32062.650000,3759.740000,2271233.758741,1914605.002718,355206.097794,1422.658229,569208,0,0,4,118,1
2025-04-29,2713453.050000,2452622.870000,260830.180000,33785.930000,30340.870000,3445.060000,2271533.373666,1914605.002718,355370.793428,1557.577521,569428,1,0,4,119,1
2025-04-30,2726292.550000,2464202.460000,262090.090000,33803.710000,30199.640000,3604.070000,2271667.292950,1914605.002718,355431.372183,1630.918048,569488,2,0,4,120,1
2025-05-01,2567255.560000,2349504.220000,217751.340000,30384.690000,27554.800000,2829.890000,2036675.249114,1679431.726856,355533.855050,1709.667208,569254,3,0,5,121,1
2025-05-02,2726568.730000,2485288.370000,241280.360000,44263.650000,40136.960000,4126.690000,2286551.665345,1929278.037201,355561.149428,1712.478716,569570,4,0,5,122,1
2025-05-03,2559007.470000,2321122.500000,237884.970000,37114.290000,33441.190000,3673.100000,2287416.225202,1929280.592757,356272.013853,1863.618592,569673,5,1,5,123,1
2025-05-04,2426200.320000,2206716.180000,219484.140000,26261.770000,23469.130000,2792.640000,2287492.811465,1929280.592757,356329.117554,1883.101155,569710,6,1,5,124,1
2025-05-05,2654190.610000,2411334.190000,242856.420000,33564.620000,30221.620000,3343.000000,2287557.850866,1929280.592757,356350.867486,1926.390623,569759,0,0,5,125,1
2025-05-06,2701923.010000,2450541.320000,251381.690000,32745.490000,29521.030000,3224.460000,2288023.868792,1929282.570534,356488.774700,2252.523558,569869,1,0,5,126,1
2025-05-07,2712764.040000,2450523.390000,262240.650000,32584.020000,29145.510000,3438.510000,2288389.370700,1929298.397807,356530.306938,2560.665956,569947,2,0,5,127,1
2025-05-08,2750016.740000,2482619.590000,267397.150000,37428.280000,33777.890000,3650.390000,2288579.682651,1929298.397807,356539.828467,2741.456377,570007,3,0,5,128,1
2025-05-09,2751139.710000,2480752.120000,270387.590000,31256.970000,27893.870000,3363.100000,2289157.148272,1929298.812441,356649.158697,3209.177135,570181,4,0,5,129,1
2025-05-10,2626819.670000,2379692.940000,247126.730000,33407.510000,29995.820000,3411.690000,2289348.874251,1929298.812441,356665.447080,3384.614730,570294,5,1,5,130,1
2025-05-11,2393366.020000,2168106.410000,225259.610000,26923.070000,24102.990000,2820.080000,2289406.089729,1929298.812441,356666.337324,3440.939964,570310,6,1,5,131,1
2025-05-12,2679907.810000,2434112.950000,245794.860000,35925.270000,32475.440000,3449.830000,2289453.192717,1929298.812441,356666.337324,3488.042952,570319,0,0,5,132,1
2025-05-13,2703266.160000,2456407.030000,246859.130000,40679.950000,36703.830000,3976.120000,2289752.117181,1929313.337216,356688.467729,3750.312236,570356,1,0,5,133,1
2025-05-14,2738467.320000,2489612.180000,248855.140000,45914.090000,41524.140000,4389.950000,2301525.222686,1940903.578791,356688.467729,3933.176165,570577,2,0,5,134,1
2025-05-15,2715180.410000,2463410.670000,251769.740000,42766.320000,38675.710000,4090.610000,2301965.716698,1941313.872504,356688.467729,3963.376465,570624,3,0,5,135,1
2025-05-16,2708206.740000,2455656.690000,252550.050000,46301.000000,41811.490000,4489.510000,2288582.064458,1927838.331747,356688.796301,4054.936411,570530,4,0,5,136,1
2025-05-17,2583266.970000,2337852.410000,245414.560000,46527.070000,41767.210000,4759.860000,2297352.438295,1936600.839072,356690.564082,4061.035141,570486,5,1,5,137,1
2025-05-18,2408792.910000,2179907.380000,228885.530000,44873.280000,40382.980000,4490.300000,2298018.522201,1937000.170606,356690.937415,4327.414181,570953,6,1,5,138,1
2025-05-19,2667803.790000,2414082.920000,253720.870000,40251.920000,36140.430000,4111.490000,2298942.959432,1937614.135467,356690.937415,4637.886550,570972,0,0,5,139,1
2025-05-20,2681187.450000,2423936.180000,257251.270000,31052.590000,27825.160000,3227.430000,2257653.106478,1896251.107331,356690.937415,4711.061732,567431,1,0,5,140,1
2025-05-21,2739013.180000,2479841.610000,259171.570000,35307.660000,31708.880000,3598.780000,2259191.041230,1897760.847008,356690.937415,4739.256807,567224,2,0,5,141,1
2025-05-22,2705150.480000,2438180.380000,266970.100000,40097.090000,35825.170000,4271.920000,2250649.104110,1889194.334133,356690.937415,4763.832562,567046,3,0,5,142,1
2025-05-23,2743178.870000,2476632.040000,266546.830000,32878.610000,29467.430000,3411.180000,2247108.148714,1885570.295395,356690.937415,4846.915904,566920,4,0,5,143,1
2025-05-24,2623881.040000,2374468.550000,249412.490000,39501.750000,35549.940000,3951.810000,2243943.269377,1882364.478614,356690.937415,4887.853347,565849,5,1,5,144,1
2025-05-25,2420308.190000,2195018.960000,225289.230000,32002.830000,28694.800000,3308.030000,2244321.198439,1882407.355045,356690.937415,5222.905979,565775,6,1,5,145,1
2025-05-26,2722390.100000,2472400.710000,249989.390000,36377.800000,32897.910000,3479.890000,2254566.039062,1892266.298649,356690.937415,5608.802997,568202,0,0,5,146,1
2025-05-27,2753645.570000,2501588.920000,252056.650000,39426.570000,35791.500000,3635.070000,2261349.330799,1898854.457835,356690.937415,5803.935549,569359,1,0,5,147,1
2025-05-28,2729121.660000,2468243.240000,260878.420000,39867.620000,35812.980000,4054.640000,2263822.520977,1901490.132063,356690.937415,5641.451499,570132,2,0,5,148,1
2025-05-29,2772431.270000,2500063.340000,272367.930000,38554.500000,34648.220000,3906.280000,2265072.550686,1902657.446463,356690.937415,5724.166808,570281,3,0,5,149,1
2025-05-30,2760095.400000,2485358.550000,274736.850000,41209.840000,36919.940000,4289.900000,2268304.881479,1904100.703449,356690.937415,7513.240616,570431,4,0,5,150,1
2025-05-31,2632829.490000,2378294.370000,254535.120000,44893.330000,40470.320000,4423.010000,2043389.419485,1679047.872718,356690.937415,7650.609352,570293,5,1,5,151,1
2025-06-01,2419019.610000,2192072.260000,226947.350000,37977.020000,34046.790000,3930.230000,2043428.213883,1679075.946528,356690.937415,7661.329940,570309,6,1,6,152,1
2025-06-02,2471888.620000,2244044.410000,227844.210000,32142.280000,28827.600000,3314.680000,2093749.283029,1729356.869520,356690.937415,7701.476093,570376,0,0,6,153,1
2025-06-03,2704508.340000,2451474.590000,253033.750000,34106.070000,30731.370000,3374.700000,2094277.052291,1729449.227190,356690.937415,8136.887686,570397,1,0,6,154,1
2025-06-04,2736952.950000,2481343.440000,255609.510000,36105.060000,32333.580000,3771.480000,2232553.284615,1866145.273083,356690.937415,9717.074118,570732,2,0,6,155,1
2025-06-05,2716759.240000,2457062.630000,259696.610000,45133.010000,40746.740000,4386.270000,2234323.335530,1866603.715669,356690.937415,11028.682446,570876,3,0,6,156,1
2025-06-06,2675969.380000,2424867.800000,251101.580000,42116.940000,38043.960000,4072.980000,2237432.667397,1866791.391439,356690.937415,13950.338543,570980,4,0,6,157,1
2025-06-07,2568650.320000,2324158.820000,244491.500000,46259.790000,41690.090000,4569.700000,2247194.766495,1875386.459555,356690.937415,15117.369526,571143,5,1,6,158,1
2025-06-08,2457314.330000,2230717.740000,226596.590000,34176.030000,30710.760000,3465.270000,2247977.441510,1875939.391609,356690.937415,15347.112486,571285,6,1,6,159,1
2025-06-09,2712453.750000,2448122.840000,264330.910000,38609.990000,34776.360000,3833.630000,2248524.261901,1876485.212000,356690.937415,15348.112486,571339,0,0,6,160,1
2025-06-10,2726512.230000,2451838.190000,274674.040000,37837.970000,33901.890000,3936.080000,2256278.124952,1877247.117428,356690.937415,22340.070109,571463,1,0,6,161,1
2025-06-11,2713318.540000,2444713.480000,268605.060000,36070.220000,32319.430000,3750.790000,2279919.836897,1898864.967171,356690.937415,24363.932311,571612,2,0,6,162,1
2025-06-12,2731390.200000,2467145.280000,264244.920000,39575.720000,35547.510000,4028.210000,2280942.865844,1899249.934831,356690.937415,25001.993598,571742,3,0,6,163,1
2025-06-13,2727898.720000,2470908.110000,256990.610000,42857.830000,38553.690000,4304.140000,2278204.875806,1898487.034625,356690.937415,23026.903766,571808,4,0,6,164,1
2025-06-14,2565641.480000,2322228.010000,243413.470000,37783.960000,33890.290000,3893.670000,2280073.784955,1898613.849863,356690.937415,24768.997678,571854,5,1,6,165,1
2025-06-15,2408610.240000,2181139.770000,227470.470000,28095.820000,25073.570000,3022.250000,2281862.111361,1899210.434094,356690.937415,25960.739852,571955,6,1,6,166,1
2025-06-16,2658416.580000,2407620.980000,250795.600000,32540.690000,29337.810000,3202.880000,2270977.590964,1887528.461008,356690.937415,26758.192541,571738,0,0,6,167,1
2025-06-17,2694197.720000,2443084.510000,251113.210000,39112.860000,35220.380000,3892.480000,2289024.712690,1906338.706472,356690.329307,25995.676912,571675,1,0,6,168,1
2025-06-18,2715259.510000,2453813.490000,261446.020000,25997.330000,23133.250000,2864.080000,2298342.952868,1918571.656630,356688.562183,23082.734054,572377,2,0,6,169,1
2025-06-19,2726714.630000,2453192.050000,273522.580000,45126.920000,40342.190000,4784.730000,2286737.819506,1911520.403541,356684.846259,18532.569706,572405,3,0,6,170,1
2025-06-20,2722142.580000,2452643.680000,269498.900000,48049.580000,43103.490000,4946.090000,2282600.766077,1910995.545466,356684.846259,14920.374351,572439,4,0,6,171,1
2025-06-21,2639934.200000,2383137.860000,256796.340000,42497.080000,38145.530000,4351.550000,2318775.678696,1906161.312425,356673.467730,55940.898541,572425,5,1,6,172,1
2025-06-22,2433669.440000,2205040.490000,228628.950000,37518.780000,33755.690000,3763.090000,2313543.422798,1902214.097065,356670.895154,54658.430578,572515,6,1,6,173,1
2025-06-23,2475140.180000,2246059.010000,229081.170000,36388.700000,32571.860000,3816.840000,2312517.567520,1901474.675237,356670.215630,54372.676653,572515,0,0,6,174,1
2025-06-24,2702190.700000,2452076.460000,250114.240000,48106.340000,43388.310000,4718.030000,2313412.128839,1902336.506613,356636.835084,54438.787142,572512,1,0,6,175,1
2025-06-25,2698046.630000,2435421.980000,262624.650000,38357.370000,34042.040000,4315.330000,2314447.185727,1902710.327390,356724.017284,55012.841054,572603,2,0,6,176,1
2025-06-26,2746686.210000,2472514.560000,274171.650000,40184.610000,35855.670000,4328.940000,2319969.741360,1907016.827859,356716.324371,56236.589130,572660,3,0,6,177,1
2025-06-27,2772168.430000,2500212.870000,271955.560000,42359.140000,37899.630000,4459.510000,2324246.580796,1907801.433931,356727.671450,59717.475415,572747,4,0,6,178,1
2025-06-28,2625312.660000,2377567.900000,247744.760000,35709.080000,32070.960000,3638.120000,2325117.532442,1907955.747289,356788.729376,60373.055777,572825,5,1,6,179,1
2025-06-29,2425393.780000,2200974.060000,224419.720000,31308.550000,28073.520000,3235.030000,2339070.610650,1908358.469493,369956.975145,60755.166011,579096,6,1,6,180,1
2025-06-30,2459807.740000,2235534.490000,224273.250000,28808.620000,25798.470000,3010.150000,2351199.477329,1908406.692784,382010.332328,60782.452217,584987,0,0,6,181,1
2025-07-01,2713936.580000,2463795.590000,250140.990000,38615.170000,34853.620000,3761.550000,2073154.372622,1664047.618092,399790.920524,9315.834006,593624,1,0,7,182,1
2025-07-02,2725340.900000,2476299.260000,249041.640000,40813.930000,36626.960000,4186.970000,2165201.921246,1800688.861350,350815.185066,13697.874831,567602,2,0,7,183,1
2025-07-03,2729627.530000,2474179.270000,255448.260000,40507.430000,36431.430000,4076.000000,2174729.886874,1810871.559867,348534.894480,15323.432527,566553,3,0,7,184,1
2025-07-04,2708394.430000,2456075.000000,252319.430000,37518.380000,33893.370000,3625.010000,2173812.364534,1811292.069912,347029.876886,15490.417736,565657,4,0,7,185,1
2025-07-05,2561177.720000,2320655.410000,240522.310000,34566.230000,31220.590000,3345.640000,2173231.832110,1811358.896156,345688.555446,16184.380508,564850,5,1,7,186,1
2025-07-06,2372177.200000,2151092.400000,221084.800000,32033.280000,28781.870000,3251.410000,2174387.084499,1813418.863267,344576.639041,16391.582191,564155,6,1,7,187,1
2025-07-07,2676596.420000,2424178.480000,252417.940000,34245.760000,30889.740000,3356.020000,2351279.897744,1989218.623315,345389.949897,16671.324532,563824,0,0,7,188,1
2025-07-08,2731421.120000,2469476.760000,261944.360000,38587.240000,34762.850000,3824.390000,2548208.565308,2177492.867534,344870.355768,25845.342007,563510,1,0,7,189,1
2025-07-09,2730250.230000,2459393.320000,270856.910000,35280.390000,31391.030000,3889.360000,2554490.418855,2187539.730050,344698.151260,22252.537545,563219,2,0,7,190,1
2025-07-10,2746960.550000,2477782.690000,269177.860000,42594.430000,38243.110000,4351.320000,2566437.988764,2189944.549632,344103.730167,32389.708964,562981,3,0,7,191,1
2025-07-11,2739139.870000,2484612.500000,254527.370000,38920.920000,35129.100000,3791.820000,2610124.252181,2230534.130939,356233.807676,23356.313566,570537,4,0,7,192,1
2025-07-12,2616160.280000,2370105.960000,246054.320000,39931.560000,35976.690000,3954.870000,2622383.293265,2243587.346799,355497.601576,23298.344890,570533,5,1,7,193,1
2025-07-13,2427428.970000,2193130.570000,234298.400000,33136.150000,29778.610000,3357.540000,2623479.902105,2245303.190461,355069.013142,23107.698502,570445,6,1,7,194,1
2025-07-14,2660911.200000,2417982.950000,242928.250000,33500.490000,30361.940000,3138.550000,2624775.074343,2246599.184186,355112.335606,23063.554551,570273,0,0,7,195,1
2025-07-15,2699579.600000,2456287.270000,243292.330000,34570.830000,31195.000000,3375.830000,2628394.895988,2246637.715113,358209.574496,23547.606379,571660,1,0,7,196,1
2025-07-16,2697128.010000,2446614.880000,250513.130000,35270.350000,31735.280000,3535.070000,2627375.871377,2246610.274538,357965.913139,22799.683701,571625,2,0,7,197,1
2025-07-17,2744517.360000,2490987.590000,253529.770000,37818.740000,34100.710000,3718.030000,2607188.998719,2225552.529107,358690.264114,22946.205498,570991,3,0,7,198,1
2025-07-18,2700520.910000,2450540.340000,249980.570000,39406.580000,35397.120000,4009.460000,2622385.958669,2242422.825860,358806.240285,21156.892524,571751,4,0,7,199,1
2025-07-19,2591212.110000,2353235.130000,237976.980000,41752.970000,37704.260000,4048.710000,2617078.241038,2242838.359609,359061.907498,15177.973931,571697,5,1,7,200,1
2025-07-20,2414578.490000,2193317.950000,221260.540000,32255.890000,28861.880000,3394.010000,2619871.727820,2245435.113901,359273.416397,15163.197522,571746,6,1,7,201,1
2025-07-21,2687385.490000,2431958.920000,255426.570000,39329.370000,35358.440000,3970.930000,2622692.605817,2246765.333545,360435.277493,15491.994779,572314,0,0,7,202,1
2025-07-22,2751078.990000,2486706.320000,264372.670000,48972.820000,44024.270000,4948.550000,2627821.876778,2244907.144538,360717.099545,22197.632694,572439,1,0,7,203,1
2025-07-23,2783799.090000,2514653.260000,269145.830000,41973.550000,37865.480000,4108.070000,2632652.068025,2247860.082489,360954.812057,23837.173479,572467,2,0,7,204,1
2025-07-24,2784803.010000,2510136.550000,274666.460000,41690.210000,37449.990000,4240.220000,2630743.051560,2245644.544037,361059.464320,24039.043202,572491,3,0,7,205,1
2025-07-25,2803220.500000,2534426.340000,268794.160000,39894.780000,35843.900000,4050.880000,2626183.498960,2240902.822979,361336.653602,23944.022380,572697,4,0,7,206,1
2025-07-26,2642946.120000,2398635.230000,244310.890000,41489.940000,37387.600000,4102.340000,2625032.683554,2239179.696132,361844.882512,24008.104911,572849,5,1,7,207,1
2025-07-27,2431398.330000,2209774.710000,221623.620000,30144.820000,26949.150000,3195.670000,2625292.639741,2239356.105217,361917.802331,24018.732193,572894,6,1,7,208,1
2025-07-28,2709426.430000,2462269.680000,247156.750000,29814.300000,26820.200000,2994.100000,2625674.623646,2239434.638370,361928.831011,24311.154264,572925,0,0,7,209,1
2025-07-29,2743939.300000,2482868.740000,261070.560000,44839.830000,40373.260000,4466.570000,2625966.538280,2240730.416594,362109.952301,23126.169384,573071,1,0,7,210,1
2025-07-30,2719650.430000,2454023.210000,265627.220000,46302.640000,41492.960000,4809.680000,2629280.193455,2243267.893152,362119.091497,23893.208805,573087,2,0,7,211,1
2025-07-31,2748157.950000,2474512.480000,273645.470000,45658.440000,40938.080000,4720.360000,2631775.337220,2243023.812262,363144.918269,25606.606689,573232,3,0,7,212,1
2025-08-01,2733136.490000,2473674.510000,259461.980000,48739.360000,43964.560000,4774.800000,2318581.202891,1933788.684731,362567.018543,22225.499617,572187,4,0,8,213,1
2025-08-02,2625894.530000,2378742.190000,247152.340000,45038.780000,40621.370000,4417.410000,2019612.007085,1652059.008547,362756.204292,4796.794246,571644,5,1,8,214,1
2025-08-03,2431621.480000,2188898.130000,242723.350000,34139.590000,30477.790000,3661.800000,2022490.976687,1654857.631800,362760.967255,4872.377632,571706,6,1,8,215,1
2025-08-04,2660338.850000,2401568.190000,258770.660000,40470.260000,36411.160000,4059.100000,2033422.220122,1665402.874196,362767.048336,5252.297590,571753,0,0,8,216,1
2025-08-05,2679236.680000,2420280.620000,258956.060000,39025.740000,35033.850000,3991.890000,2038125.365766,1665711.432529,362847.461262,9566.471975,572040,1,0,8,217,1
2025-08-06,2675697.660000,2419554.950000,256142.710000,42109.240000,37749.570000,4359.670000,2039449.337126,1666043.782529,362893.421684,10512.132912,572262,2,0,8,218,1
2025-08-07,2536745.610000,2301345.950000,235399.660000,39453.620000,35355.630000,4097.990000,2041983.727253,1666142.209802,362909.340564,12932.176887,572422,3,0,8,219,1
2025-08-08,2660970.760000,2427621.200000,233349.560000,41937.780000,37978.890000,3958.890000,2043180.278816,1666483.599485,362913.031040,13783.648290,572467,4,0,8,220,1
2025-08-09,2546297.010000,2305681.410000,240615.600000,38325.080000,34433.020000,3892.060000,2047071.428232,1668300.223596,362936.607096,15834.597540,572553,5,1,8,221,1
2025-08-10,2386196.710000,2153272.100000,232924.610000,34074.280000,30518.240000,3556.040000,2050365.222906,1671574.218834,362936.607096,15854.396975,572588,6,1,8,222,1
2025-08-11,2651848.590000,2401497.860000,250350.730000,44708.390000,40265.480000,4442.910000,2050370.907633,1671575.116524,362936.607096,15859.184012,572596,0,0,8,223,1
2025-08-12,2680708.920000,2419749.530000,260959.390000,37448.360000,33472.430000,3975.930000,2051780.422830,1671577.298980,362970.770465,17232.353385,572719,1,0,8,224,1
2025-08-13,2745975.710000,2474140.960000,271834.750000,43800.720000,39067.960000,4732.760000,2051298.630216,1670333.792313,363011.809426,17953.028476,572837,2,0,8,225,1
2025-08-14,2730996.830000,2456471.670000,274525.160000,47868.910000,42886.270000,4982.640000,2052546.832437,1671389.417270,363028.048863,18129.366304,572863,3,0,8,226,1
2025-08-15,2719372.630000,2450570.540000,268802.090000,45670.750000,40940.500000,4730.250000,2052323.177477,1671040.805302,363037.875184,18244.496990,572908,4,0,8,227,1
2025-08-16,2599587.100000,2350974.100000,248613.000000,40989.590000,36827.560000,4162.030000,2052417.387049,1671053.242164,363037.875184,18326.269701,572936,5,1,8,228,1
2025-08-17,2411664.760000,2189065.740000,222599.020000,35526.810000,31944.100000,3582.710000,2039797.859256,1658581.966047,363129.635184,18086.258025,572381,6,1,8,229,1
2025-08-18,2487500.520000,2247501.660000,239998.860000,38363.830000,34321.720000,4042.110000,2050714.906800,1671491.459122,363131.108157,16092.339521,573096,0,0,8,230,1
2025-08-19,2664628.980000,2417160.670000,247468.310000,45396.810000,40918.490000,4478.320000,2040860.089755,1662976.978005,363131.108157,14752.003593,572951,1,0,8,231,1
2025-08-20,2680244.090000,2430465.340000,249778.750000,46247.690000,41552.640000,4695.050000,2046377.065827,1671867.096415,363131.108157,11378.861255,572933,2,0,8,232,1
2025-08-21,2687762.200000,2438640.630000,249121.570000,53013.990000,47881.620000,5132.370000,2048077.306812,1675972.722063,363131.108157,8973.476591,573038,3,0,8,233,1
2025-08-22,2685969.200000,2429054.070000,256915.130000,52714.680000,47433.130000,5281.550000,2047605.895408,1676895.439886,363131.108157,7579.347365,573145,4,0,8,234,1
2025-08-23,2581732.670000,2345020.180000,236712.490000,48153.950000,43436.530000,4717.420000,2048562.648238,1675215.644907,363131.108157,10215.895174,573182,5,1,8,235,1
2025-08-24,2396581.390000,2171079.760000,225501.630000,40954.590000,36753.420000,4201.170000,2050361.237955,1676731.279941,363131.108157,10498.849857,573199,6,1,8,236,1
2025-08-25,2715926.740000,2451149.530000,264777.210000,45125.070000,40650.470000,4474.600000,2061551.886189,1687889.088890,363131.108157,10531.689142,573224,0,0,8,237,1
2025-08-26,2732531.050000,2463794.140000,268736.910000,37537.380000,33411.050000,4126.330000,2064088.400993,1689970.018305,363131.108157,10987.274530,573260,1,0,8,238,1
2025-08-27,2753938.610000,2474311.300000,279627.310000,37696.700000,33372.620000,4324.080000,2067111.514288,1693254.441644,363131.108157,10725.964487,573315,2,0,8,239,1
2025-08-28,2740392.880000,2463082.970000,277309.910000,44005.600000,39414.840000,4590.760000,2067792.576488,1693755.602769,363131.108157,10905.865561,573374,3,0,8,240,1
2025-08-29,2727677.620000,2458187.100000,269490.520000,36837.960000,32915.060000,3922.900000,2068349.089659,1694358.525185,363131.108157,10859.456317,573492,4,0,8,241,1
2025-08-30,2627306.860000,2374931.550000,252375.310000,42099.200000,37399.940000,4699.260000,2067088.106465,1692549.747615,363131.108157,11407.250692,573568,5,1,8,242,1
2025-08-31,2435790.190000,2211576.530000,224213.660000,33082.480000,29296.870000,3785.610000,2067967.444028,1693112.159658,363131.108157,11724.176213,573641,6,1,8,243,1
2025-09-01,2689887.620000,2436884.340000,253003.280000,42909.290000,38609.030000,4300.260000,2068570.235408,1693374.806043,363131.108157,12064.321208,573679,0,0,9,244,1
2025-09-02,2718801.400000,2461546.020000,257255.380000,42715.760000,38519.390000,4196.370000,2425834.179097,1694151.190208,363131.108157,368551.880732,573877,1,0,9,245,1
2025-09-03,2725541.250000,2466739.420000,258801.830000,42107.250000,37771.920000,4335.330000,2427216.022657,1692865.597232,363131.108157,371219.317268,574016,2,0,9,246,1
2025-09-04,2710321.940000,2458979.480000,251342.460000,37965.300000,34329.480000,3635.820000,2223943.906065,1691113.131165,363131.108157,169699.666743,574192,3,0,9,247,1
2025-09-05,2692573.330000,2449091.120000,243482.210000,50186.680000,45426.540000,4760.140000,2227132.870577,1691358.712852,363131.108157,172643.049568,574308,4,0,9,248,1
2025-09-06,2584104.110000,2347285.320000,236818.790000,47613.720000,42863.320000,4750.400000,5848876.551816,1691468.187272,363131.108157,3794277.256386,574473,5,1,9,249,1
2025-09-07,2392725.270000,2172509.930000,220215.340000,39794.300000,35658.370000,4135.930000,2562972.144399,1697155.261309,363131.108157,502685.774933,574561,6,1,9,250,1
2025-09-08,2646241.820000,2384813.460000,261428.360000,43915.370000,39380.040000,4535.330000,2345762.411613,1706054.199430,363131.108157,276577.104026,574511,0,0,9,251,1
2025-09-09,2676781.800000,2407136.070000,269645.730000,40748.540000,36372.560000,4375.980000,2152280.082543,1764742.123955,363131.108157,24406.850431,574624,1,0,9,252,1
2025-09-10,2717640.920000,2449627.740000,268013.180000,42325.640000,37743.440000,4582.200000,2153353.472243,1764851.146253,363131.108157,25371.217833,574730,2,0,9,253,1
2025-09-11,2742459.980000,2474212.730000,268247.250000,45218.930000,40544.500000,4674.430000,2186855.044557,1765076.498555,363131.108157,58647.437845,575005,3,0,9,254,1
2025-09-12,2755668.600000,2482180.030000,273488.570000,43349.520000,38881.480000,4468.040000,2186184.326450,1765638.674454,363131.108157,57414.543838,575101,4,0,9,255,1
2025-09-13,2608700.390000,2355884.760000,252815.630000,53314.140000,47981.220000,5332.920000,2405158.031062,1766028.449823,363131.108157,275998.473082,575168,5,1,9,256,1
2025-09-14,2411332.820000,2184049.780000,227283.040000,39832.350000,35597.840000,4234.510000,2385544.680598,1766029.957515,363131.108157,256383.614926,575171,6,1,9,257,1
2025-09-15,2666655.390000,2412151.240000,254504.150000,47253.980000,42263.670000,4990.310000,2211600.491857,1794085.157663,363131.108157,54384.226037,575172,0,0,9,258,1
2025-09-16,2707649.310000,2450138.150000,257511.160000,45520.110000,40832.360000,4687.750000,2210715.791015,1794708.469213,363131.108157,52876.213644,575264,1,0,9,259,1
2025-09-17,2719861.300000,2462468.930000,257392.370000,51102.820000,45865.150000,5237.670000,2201189.286083,1785288.194032,363131.108157,52769.983893,575010,2,0,9,260,1
2025-09-18,2705192.250000,2455872.820000,249319.430000,58013.300000,52315.030000,5698.270000,2190086.952011,1803628.157675,363131.108157,23327.686178,575744,3,0,9,261,1
2025-09-19,2704208.990000,2453984.520000,250224.470000,53338.370000,48094.760000,5243.610000,2178378.757827,1794331.909079,363128.522443,20918.326306,575714,4,0,9,262,1
2025-09-20,2590095.480000,2354703.970000,235391.510000,43099.990000,38619.200000,4480.790000,2179437.710927,1797450.840514,363128.522443,18858.347970,575594,5,1,9,263,1
2025-09-21,2400326.450000,2178084.070000,222242.380000,24369.900000,21509.310000,2860.590000,2177210.759309,1796261.478883,363128.522443,17820.757983,575533,6,1,9,264,1
2025-09-22,2696044.140000,2427177.750000,268866.390000,38557.920000,34383.790000,4174.130000,2179327.012599,1800370.448414,363128.522443,15828.041742,575519,0,0,9,265,1
2025-09-23,2749325.790000,2474127.520000,275198.270000,35423.860000,31555.600000,3868.260000,2179211.730772,1800245.904816,363128.522443,15837.303513,575512,1,0,9,266,1
2025-09-24,2773360.200000,2497258.580000,276101.620000,33241.750000,29546.740000,3695.010000,2202308.633522,1800535.976335,363128.522443,38644.134745,575488,2,0,9,267,1
2025-09-25,2770962.260000,2481057.170000,289905.090000,24935.470000,21828.670000,3106.800000,2181183.387063,1801150.989113,363128.522443,16903.875507,575517,3,0,9,268,1
2025-09-26,2764994.750000,2483656.220000,281338.530000,43049.320000,38394.250000,4655.070000,2178732.600643,1802933.178456,363127.780235,12671.641952,575529,4,0,9,269,1
2025-09-27,2605274.420000,2344889.440000,260384.980000,45228.600000,40349.390000,4879.210000,2174605.683663,1803471.209862,363113.552087,8020.921714,575575,5,1,9,270,1
2025-09-28,2420537.610000,2176274.490000,244263.120000,46469.850000,41330.760000,5139.090000,2172783.402865,1803305.512185,361436.741573,8041.149108,574324,6,1,9,271,1
2025-09-29,2802694.230000,2526608.760000,276085.470000,45979.610000,41171.140000,4808.470000,2166288.537159,1803325.704330,350905.510528,12057.322302,568372,0,0,9,272,1
2025-09-30,2747688.200000,2484852.350000,262835.850000,46307.700000,41479.780000,4827.920000,2147332.089508,1803507.167116,327622.922963,16201.999430,556688,1,0,9,273,1
2025-10-01,2792850.110000,2529740.090000,263110.020000,44007.580000,39474.240000,4533.340000,2124864.123198,1803723.753722,304883.851138,16256.518339,545115,2,0,10,274,1
2025-10-02,2813715.350000,2549767.880000,263947.470000,45801.360000,41177.210000,4624.150000,2111598.071129,1806795.932827,288404.271390,16397.866913,535844,3,0,10,275,1
2025-10-03,2759093.620000,2491571.690000,267521.930000,43032.890000,38624.700000,4408.190000,2103174.756825,1807127.636624,278392.784039,17654.336163,529379,4,0,10,276,1
2025-10-04,2687499.280000,2427555.320000,259943.960000,43515.340000,38933.620000,4581.720000,2100131.372380,1806913.840867,269994.571838,23222.959675,523642,5,1,10,277,1
2025-10-05,2518948.160000,2277369.370000,241578.790000,38635.900000,34475.160000,4160.740000,2111225.457581,1823279.051777,264730.976295,23215.429509,520033,6,1,10,278,1
2025-10-06,2744469.590000,2471609.450000,272860.140000,47919.130000,42858.910000,5060.220000,2109755.543073,1825645.351155,260671.871142,23438.320776,517008,0,0,10,279,1
2025-10-07,2799023.060000,2521928.730000,277094.330000,34268.480000,30528.590000,3739.890000,2368352.084109,2087283.561568,256414.973328,24653.549213,513798,1,0,10,280,1
2025-10-08,2800458.610000,2517607.160000,282851.450000,47202.430000,41991.430000,5211.000000,2333615.976299,2059181.471448,253213.666055,21220.838796,511097,2,0,10,281,1
2025-10-09,2837577.880000,2545949.760000,291628.120000,45875.570000,40992.450000,4883.120000,2339606.063045,2069395.111679,249675.170718,20535.780648,508229,3,0,10,282,1
2025-10-10,2823390.740000,2534215.580000,289175.160000,50873.250000,45454.340000,5418.910000,2338538.918789,2071495.096416,245626.180672,21417.641701,504915,4,0,10,283,1
2025-10-11,2650510.690000,2391738.610000,258772.080000,44743.910000,40019.900000,4724.010000,2324114.812806,2065422.123644,242782.472962,15910.216200,502606,5,1,10,284,1
2025-10-12,2390633.190000,2167649.130000,222984.060000,40862.230000,36444.290000,4417.940000,2315679.476063,2060677.913509,239177.152551,15824.410003,500592,6,1,10,285,1
2025-10-13,2425047.040000,2192283.890000,232763.150000,40665.740000,36205.320000,4460.420000,2315844.840987,2061233.852693,238819.496704,15791.491590,499972,0,0,10,286,1
2025-10-14,2692588.840000,2422953.960000,269634.880000,48234.100000,43096.550000,5137.550000,2315156.450301,2061391.743644,237998.027720,15766.678936,498964,1,0,10,287,1
2025-10-15,2715226.480000,2434591.430000,280635.050000,45478.950000,40527.250000,4951.700000,2315288.744980,2061384.947559,238428.404462,15475.392958,498459,2,0,10,288,1
2025-10-16,2708007.120000,2431676.510000,276330.610000,48621.230000,43496.910000,5124.320000,2314541.306495,2061165.493532,238078.434344,15297.378619,497439,3,0,10,289,1
2025-10-17,2688215.310000,2419698.520000,268516.790000,44974.000000,40282.670000,4691.330000,2300569.785928,2052736.534679,238317.061489,9516.189760,496789,4,0,10,290,1
2025-10-18,2581098.210000,2330665.030000,250433.180000,37001.000000,33085.470000,3915.530000,2297998.599366,2051028.979918,238337.393617,8632.225831,496753,5,1,10,291,1
2025-10-19,2397072.030000,2170580.170000,226491.860000,34608.550000,31105.040000,3503.510000,2302271.440621,2050220.488651,237971.273889,14079.678081,496244,6,1,10,292,1
2025-10-20,2650546.350000,2390860.600000,259685.750000,43953.980000,39174.530000,4779.450000,2299613.881848,2049517.316584,237507.382361,12589.182903,496059,0,0,10,293,1
2025-10-21,2703390.010000,2444295.620000,259094.390000,50500.550000,45203.620000,5296.930000,2418221.103938,2051682.305715,354331.077551,12207.720672,561370,1,0,10,294,1
2025-10-22,2713423.310000,2450490.650000,262932.660000,48980.300000,43827.240000,5153.060000,2435676.779735,2054246.039116,353915.259344,27515.481275,561084,2,0,10,295,1
2025-10-23,2702538.490000,2435769.240000,266769.250000,47556.410000,42531.950000,5024.460000,2435213.510998,2053458.690439,353750.192943,28004.627615,560939,3,0,10,296,1
2025-10-24,2739663.940000,2474880.360000,264783.580000,44113.490000,39524.200000,4589.290000,2424157.260712,2052075.037695,352917.036285,19165.186731,560773,4,0,10,297,1
2025-10-25,2616859.280000,2359077.640000,257781.640000,47667.060000,42415.040000,5252.020000,2447210.862517,2052925.999461,352773.607103,41511.255953,560757,5,1,10,298,1
2025-10-26,2452187.830000,2219157.840000,233029.990000,31833.750000,28296.030000,3537.720000,2486185.728863,2055235.768162,389364.485975,41585.474726,579544,6,1,10,299,1
2025-10-27,2726368.730000,2447751.800000,278616.930000,46413.990000,41418.000000,4995.990000,2486522.035231,2055572.326783,389365.756710,41583.951738,579472,0,0,10,300,1
2025-10-28,2780497.080000,2488841.180000,291655.900000,38695.360000,34298.980000,4396.380000,2487172.757085,2056190.378996,389367.564813,41614.813276,579503,1,0,10,301,1
2025-10-29,2796962.620000,2509612.870000,287349.750000,44173.200000,39032.820000,5140.380000,2491263.160516,2056657.708694,389280.540393,45324.911430,579449,2,0,10,302,1
2025-10-30,2779261.420000,2490493.920000,288767.500000,45897.660000,40692.110000,5205.550000,2492086.254595,2057722.776967,389069.003123,45294.474505,579401,3,0,10,303,1
2025-10-31,2734709.660000,2447042.110000,287667.550000,46228.770000,41072.940000,5155.830000,2316583.235853,1886807.836701,388896.771645,40878.627506,578983,4,0,10,304,1
2025-11-01,2635014.850000,2373515.130000,261499.720000,44532.080000,39756.920000,4775.160000,2315518.761771,1887094.795361,387447.940575,40976.025834,578769,5,1,11,305,1
2025-11-02,2451837.330000,2223731.350000,228105.980000,43211.420000,38763.850000,4447.570000,2344588.976752,1916494.954594,387447.940575,40646.081582,578799,6,1,11,306,1
2025-11-03,2489810.740000,2259379.340000,230431.400000,44832.840000,40229.700000,4603.140000,2342782.000183,1915604.871522,387460.979212,39716.149449,578904,0,0,11,307,1
2025-11-04,2735122.900000,2469495.460000,265627.440000,50799.840000,45652.360000,5147.480000,2342198.017892,1915606.446117,387469.050894,39122.520880,578990,1,0,11,308,1
2025-11-05,2753947.310000,2485301.660000,268645.650000,52353.320000,46793.220000,5560.100000,2277818.083673,1886802.383104,387492.912894,3522.787675,579079,2,0,11,309,1
2025-11-06,2751981.890000,2482841.020000,269140.870000,50564.140000,45229.320000,5334.820000,2280617.483668,1889683.119007,387494.207348,3440.157313,579150,3,0,11,310,1
2025-11-07,2748120.140000,2480117.970000,268002.170000,52456.990000,47024.080000,5432.910000,2281940.838811,1890978.615151,387522.066347,3440.157313,579193,4,0,11,311,1
2025-11-08,2651734.280000,2392601.060000,259133.220000,53825.680000,48170.970000,5654.710000,2288450.171954,1897479.142126,387530.872516,3440.157313,579223,5,1,11,312,1
2025-11-09,2448079.620000,2210795.590000,237284.030000,52755.730000,47214.110000,5541.620000,2288642.836582,1897668.930210,387533.749060,3440.157313,579238,6,1,11,313,1
2025-11-10,2717402.280000,2434701.570000,282700.710000,57260.920000,51051.260000,6209.660000,2289258.758154,1898337.191369,387535.871011,3385.695774,579322,0,0,11,314,1
2025-11-11,2747812.120000,2459475.580000,288336.540000,50001.890000,44411.310000,5590.580000,2289195.962059,1898350.185390,387668.712474,3177.064195,579299,1,0,11,315,1
2025-11-12,2773928.060000,2490201.510000,283726.550000,48391.210000,43020.770000,5370.440000,2290719.101718,1899879.903996,387670.712474,3168.485248,579353,2,0,11,316,1
2025-11-13,2813171.130000,2527476.770000,285694.360000,51632.120000,46100.050000,5532.070000,2291209.196972,1900760.826173,387670.712474,2777.658325,579314,3,0,11,317,1
2025-11-14,2790910.350000,2506175.580000,284734.770000,49847.640000,44534.170000,5313.470000,2291776.457811,1901328.087012,387670.712474,2777.658325,579340,4,0,11,318,1
2025-11-15,2690159.560000,2435609.020000,254550.540000,47648.870000,42723.890000,4924.980000,2292296.256330,1901847.885531,387670.712474,2777.658325,579377,5,1,11,319,1
2025-11-16,2423794.170000,2206082.760000,217711.410000,46324.300000,41535.940000,4788.360000,2287685.675377,1897237.304578,387670.712474,2777.658325,579237,6,1,11,320,1
2025-11-17,2453198.280000,2224734.870000,228463.410000,43169.380000,38586.480000,4582.900000,2297355.879014,1906956.383558,387670.712474,2728.782982,579063,0,0,11,321,1
2025-11-18,2682012.630000,2426488.790000,255523.840000,39902.030000,36003.580000,3898.450000,2308560.905954,1909495.352287,387670.712474,11394.841193,579377,1,0,11,322,1
2025-11-19,2696123.300000,2444810.970000,251312.330000,48032.240000,42758.860000,5273.380000,2306653.279421,1904993.094250,387670.712474,13989.472696,579302,2,0,11,323,1
2025-11-20,2702002.950000,2443219.850000,258783.100000,45451.530000,40826.160000,4625.370000,2311964.691979,1907931.119933,387670.712474,16362.859571,579296,3,0,11,324,1
2025-11-21,2698044.090000,2440943.410000,257100.680000,50542.880000,45487.880000,5055.000000,2312383.584269,1905819.411066,387670.712474,18893.460729,579263,4,0,11,325,1
2025-11-22,2591653.330000,2344817.070000,246836.260000,46982.400000,42121.920000,4860.480000,2312165.091947,1903781.607674,387670.712474,20712.771798,579307,5,1,11,326,1
2025-11-23,2385293.660000,2174907.770000,210385.890000,50650.020000,45815.450000,4834.570000,2312965.095670,1903827.538446,387670.712474,21466.844749,579348,6,1,11,327,1
2025-11-24,2705801.310000,2435219.920000,270581.390000,46713.780000,41992.190000,4721.590000,2317094.791251,1907291.429850,387670.712474,22132.648927,579402,0,0,11,328,1
2025-11-25,2761505.220000,2489161.420000,272343.800000,35481.130000,31657.050000,3824.080000,2322574.346733,1912158.257811,387670.712474,22745.376447,579427,1,0,11,329,1
2025-11-26,2765889.710000,2491947.540000,273942.170000,39495.340000,35125.100000,4370.240000,2321937.960456,1911500.786064,387670.712474,22766.461917,579482,2,0,11,330,1
2025-11-27,2777956.570000,2496729.980000,281226.590000,46326.210000,41322.980000,5003.230000,2322046.781275,1911573.603962,387670.712474,22802.464840,579505,3,0,11,331,1
2025-11-28,2779551.430000,2500499.270000,279052.160000,60991.520000,54572.260000,6419.260000,2322082.635766,1911556.160207,387670.712474,22855.763085,579593,4,0,11,332,1
2025-11-29,2618433.180000,2359122.200000,259310.980000,49181.770000,44210.160000,4971.610000,2328480.081009,1910568.961163,387670.712474,30240.407372,579614,5,1,11,333,1
2025-11-30,2370654.140000,2152727.330000,217926.810000,38748.720000,34897.180000,3851.540000,2329438.004725,1911478.963310,387670.712474,30288.328941,579676,6,1,11,334,1
2025-12-01,2628945.840000,2381530.050000,247415.790000,37795.290000,34113.720000,3681.570000,2425054.825426,1917697.299388,387670.712474,119686.813564,579760,0,0,12,335,1
2025-12-02,2693792.250000,2444622.840000,249169.410000,38061.520000,34675.790000,3385.730000,2502716.227394,2000656.262415,387670.712474,114389.252505,579786,1,0,12,336,1
2025-12-03,2683832.570000,2436020.890000,247811.680000,43133.510000,38817.780000,4315.730000,2502118.709911,2000450.196430,387670.712474,113997.801007,579761,2,0,12,337,1
2025-12-04,2745068.980000,2483505.250000,261563.730000,45078.610000,40328.100000,4750.510000,2501388.928495,2000726.005142,387670.712474,112992.210879,579601,3,0,12,338,1
2025-12-05,2742625.750000,2483444.320000,259181.430000,45968.930000,41327.390000,4641.540000,2501696.956049,2001034.032696,387670.712474,112992.210879,579606,4,0,12,339,1
2025-12-06,2639549.710000,2390319.940000,249229.770000,54068.300000,48690.500000,5377.800000,2272920.198322,1860731.712625,387670.712474,24517.773223,579864,5,1,12,340,1
2025-12-07,2461850.510000,2240837.410000,221013.100000,45476.720000,41137.290000,4339.430000,2253939.287893,1860507.954093,387670.712474,5760.621326,579729,6,1,12,341,1
2025-12-08,2431619.990000,2206591.650000,225028.340000,39123.700000,35029.060000,4094.640000,2243640.335519,1853016.516364,387670.712474,2953.106680,579690,0,0,12,342,1
2025-12-09,2722674.050000,2455841.790000,266832.260000,52438.690000,46868.090000,5570.600000,2243660.862052,1853058.867459,387670.712474,2931.282119,579691,1,0,12,343,1
2025-12-10,2763910.940000,2491839.020000,272071.920000,46827.200000,41790.010000,5037.190000,2243871.383286,1853292.644248,387670.712474,2908.026563,579695,2,0,12,344,1
2025-12-11,2788581.070000,2505922.000000,282659.070000,52720.430000,47196.240000,5524.190000,2259914.037019,1869335.297981,387670.712474,2908.026563,579709,3,0,12,345,1
2025-12-12,2782455.330000,2500029.860000,282425.470000,63613.860000,56960.050000,6653.810000,2259914.037019,1869335.297981,387670.712474,2908.026563,579709,4,0,12,346,1
2025-12-13,2669274.970000,2415105.060000,254169.910000,54755.330000,49373.940000,5381.390000,2260098.900139,1869589.240518,387670.712474,2838.947146,579681,5,1,12,347,1
2025-12-14,2457815.690000,2226474.020000,231341.670000,43461.160000,39064.760000,4396.400000,2260099.214424,1869589.554804,387670.712474,2838.947146,579682,6,1,12,348,1
2025-12-15,2737355.520000,2478977.140000,258378.380000,44992.090000,40456.080000,4536.010000,2251815.611885,1861305.952265,387670.712474,2838.947146,579687,0,0,12,349,1
2025-12-16,2809130.660000,2539309.090000,269821.570000,48983.270000,43894.220000,5089.050000,2245018.317876,1854508.658255,387670.712474,2838.947146,579555,1,0,12,350,1
2025-12-17,2834361.970000,2559318.540000,275043.430000,49037.020000,43589.350000,5447.670000,2240136.520217,1850464.810786,387671.875739,1999.833692,579369,2,0,12,351,1
2025-12-18,2855021.090000,2573028.880000,281992.210000,53587.030000,47885.240000,5701.790000,2234425.148656,1845422.185265,387671.875739,1331.087651,579713,3,0,12,352,1
2025-12-19,2835198.260000,2556326.340000,278871.920000,54155.410000,48580.370000,5575.040000,2212069.637443,1823285.105986,387673.427823,1111.103634,579638,4,0,12,353,1
2025-12-20,2727276.410000,2461897.280000,265379.130000,47984.290000,42877.790000,5106.500000,2209048.932342,1820728.197093,387881.246052,439.489197,579620,5,1,12,354,1
2025-12-21,2538948.380000,2308873.150000,230075.230000,42392.090000,38167.340000,4224.750000,2194523.664247,1806489.039573,387886.904885,147.719789,579594,6,1,12,355,1
2025-12-22,2775707.030000,2518356.560000,257350.470000,45974.630000,41469.060000,4505.570000,2189575.934902,1801586.931795,387888.265817,100.737290,579397,0,0,12,356,1
2025-12-23,2812315.960000,2551806.720000,260509.240000,44175.540000,39622.340000,4553.200000,2197393.582911,1809414.441169,387923.792260,55.349482,580299,1,0,12,357,1
2025-12-24,2789339.830000,2540351.710000,248988.120000,51538.490000,46321.850000,5216.640000,2194867.895196,1806788.999779,388026.758588,52.136829,580364,2,0,12,358,1
2025-12-25,2394450.460000,2163827.080000,230623.380000,53720.740000,47859.190000,5861.550000,2193352.938061,1805234.838920,388065.962312,52.136829,580514,3,0,12,359,1
2025-12-26,2766670.890000,2505021.770000,261649.120000,57146.590000,51267.590000,5879.000000,2192941.405977,1804699.049842,388190.219306,52.136829,580521,4,0,12,360,1
2025-12-27,2741080.590000,2489624.250000,251456.340000,56116.270000,50434.430000,5681.840000,2197015.339524,1808760.664596,388202.538099,52.136829,580555,5,1,12,361,1
2025-12-28,2581493.220000,2344799.450000,236693.770000,49308.270000,44237.520000,5070.750000,2210590.729860,1810050.125607,400488.467424,52.136829,586371,6,1,12,362,1
2025-12-29,2833782.850000,2555047.270000,278735.580000,50503.980000,45101.650000,5402.330000,2232086.217564,1815782.627650,416251.453085,52.136829,593468,0,0,12,363,1
2025-12-30,2864798.750000,2576536.640000,288262.110000,51149.330000,45537.940000,5611.390000,2279181.995844,1816963.037928,462166.821087,52.136829,619600,1,0,12,364,1
2025-12-31,2874545.310000,2610034.520000,264510.790000,47005.390000,41977.890000,5027.500000,2298272.381189,1812861.730841,485358.513520,52.136829,630864,2,0,12,365,1
2026-01-01,2375028.960000,2187014.920000,188014.040000,39710.710000,35988.730000,3721.980000,2321299.679194,1821853.221400,499394.320965,52.136829,638569,3,0,1,1,1
2026-01-02,2660075.360000,2427517.910000,232557.450000,52608.790000,47724.700000,4884.090000,2321011.561111,1821805.873822,499156.991637,48.695652,638482,4,0,1,2,1
2026-01-03,2672878.670000,2447694.670000,225184.000000,53698.110000,48794.970000,4903.140000,2324830.830874,1821648.986785,503181.844089,0.000000,641734,5,1,1,3,1
2026-01-04,2517252.810000,2296675.840000,220576.970000,46537.310000,42249.360000,4287.950000,2336274.671263,1835134.098131,501140.573132,0.000000,640634,6,1,1,4,1
2026-01-05,2673141.810000,2453047.910000,220093.900000,52253.060000,47919.930000,4333.130000,2333106.211561,1833050.797777,500055.413784,0.000000,639876,0,0,1,5,1
2026-01-06,2645826.050000,2422539.330000,223286.720000,44557.540000,40600.940000,3956.600000,2328623.668414,1831659.517357,496964.151057,0.000000,638811,1,0,1,6,1
2026-01-07,2631714.440000,2410985.690000,220728.750000,43953.270000,39736.350000,4216.920000,2326392.044667,1831062.297375,495329.747292,0.000000,638196,2,0,1,7,1
2026-01-08,2648871.320000,2423194.380000,225676.940000,48002.440000,43576.940000,4425.500000,2323265.873608,1830822.600405,492443.273203,0.000000,637198,3,0,1,8,1
2026-01-09,2667423.840000,2443318.720000,224105.120000,60462.480000,55107.660000,5354.820000,2320596.542789,1830816.306288,489780.236501,0.000000,636078,4,0,1,9,1
2026-01-10,2617376.300000,2398125.460000,219250.840000,58834.180000,53788.810000,5045.370000,2309816.674374,1822583.571816,487233.102559,0.000000,635224,5,1,1,10,1
2026-01-11,2435934.300000,2238952.620000,196981.680000,49155.610000,44822.850000,4332.760000,2312609.782902,1827418.317801,485191.465100,0.000000,634637,6,1,1,11,1
2026-01-12,2448352.870000,2252119.450000,196233.420000,53142.980000,48580.370000,4562.610000,2311252.569288,1827418.317801,483834.251487,0.000000,634371,0,0,1,12,1
2026-01-13,2657886.280000,2424838.120000,233048.160000,57668.880000,52427.450000,5241.430000,2309813.101663,1827445.973441,482367.128223,0.000000,633961,1,0,1,13,1
2026-01-14,2664010.780000,2419285.810000,244724.970000,51799.440000,46712.950000,5086.490000,2307176.741765,1827454.444029,479722.297737,0.000000,633131,2,0,1,14,1
2026-01-15,2669912.170000,2426675.330000,243236.840000,56497.230000,51257.320000,5239.910000,2305695.853785,1827508.973221,478186.880564,0.000000,632300,3,0,1,15,1
2026-01-16,2668223.310000,2422738.240000,245485.070000,48945.750000,44386.380000,4559.370000,2298652.716240,1822091.425230,476561.291009,0.000000,631094,4,0,1,16,1
2026-01-17,2597011.810000,2369804.030000,227207.780000,54601.610000,49684.180000,4917.430000,2385886.844941,1912561.944782,473324.900159,0.000000,633386,5,1,1,17,1
2026-01-18,2415398.780000,2215182.140000,200216.640000,45520.570000,41182.880000,4337.690000,2377550.314974,1904568.806790,472981.508185,0.000000,631894,6,1,1,18,1
2026-01-19,2693794.000000,2463499.850000,230294.150000,58405.220000,53107.630000,5297.590000,2379494.391211,1906838.109082,472656.282129,0.000000,631554,0,0,1,19,1
2026-01-20,2750239.910000,2516009.360000,234230.550000,49027.650000,44477.470000,4550.180000,2380308.391110,1908743.470245,471564.920865,0.000000,630967,1,0,1,20,1
2026-01-21,2753075.900000,2512632.650000,240443.250000,47751.940000,43011.840000,4740.100000,2383482.136820,1912151.698964,471330.437856,0.000000,630546,2,0,1,21,1
2026-01-22,2782969.480000,2529343.360000,253626.120000,53700.520000,48447.240000,5253.280000,2389708.527785,1918914.678826,470793.848959,0.000000,630308,3,0,1,22,1
2026-01-23,2760362.000000,2509004.020000,251357.980000,41760.850000,37665.130000,4095.720000,2399422.745112,1928957.832988,470464.912124,0.000000,630059,4,0,1,23,1
2026-01-24,2654192.610000,2441334.440000,212858.170000,46206.620000,42112.710000,4093.910000,2404115.659707,1934002.985460,470112.674247,0.000000,629845,5,1,1,24,1
2026-01-25,2456889.980000,2259091.060000,197798.920000,41251.900000,37646.580000,3605.320000,2404642.202879,1934682.298827,469959.904052,0.000000,629676,6,1,1,25,1
2026-01-26,2717748.090000,2479611.330000,238136.760000,43105.300000,38873.790000,4231.510000,2404494.844956,1934694.477645,469800.367312,0.000000,629546,0,0,1,26,1
2026-01-27,2712363.420000,2457385.060000,254978.360000,46529.460000,41796.550000,4732.910000,2402595.602954,1933206.260805,469389.342150,0.000000,629270,1,0,1,27,1
2026-01-28,2723496.870000,2462712.000000,260784.870000,44230.960000,39635.790000,4595.170000,2389087.976795,1931668.636171,457419.340625,0.000000,622963,2,0,1,28,1
2026-01-29,2719392.050000,2465703.050000,253689.000000,49863.530000,44717.490000,5146.040000,2367914.333117,1925574.144219,442340.188898,0.000000,614941,3,0,1,29,1
2026-01-30,2724591.740000,2467609.330000,256982.410000,53870.580000,48518.550000,5352.030000,2343763.359680,1922158.206999,421605.152682,0.000000,602970,4,0,1,30,1
2026-01-31,2595343.700000,2376903.280000,218440.420000,68415.950000,62176.260000,6239.690000,2321338.269315,1921214.990649,400123.278666,0.000000,590763,5,1,1,31,1
2026-02-01,2391831.350000,2186964.000000,204867.350000,55830.440000,50794.440000,5036.000000,2310037.634335,1922393.043469,387644.590866,0.000000,582905,6,1,2,32,1
2026-02-02,2634048.300000,2407587.700000,226460.600000,66828.450000,61078.050000,5750.400000,2350202.340217,1962557.749351,387644.590866,0.000000,582934,0,0,2,33,1
2026-02-03,2689521.220000,2450897.310000,238623.910000,61920.290000,56057.400000,5862.890000,2349461.220520,1961816.629654,387644.590866,0.000000,582902,1,0,2,34,1
2026-02-04,2704829.920000,2464907.720000,239922.200000,58421.500000,52517.930000,5903.570000,2343821.945602,1956177.354736,387644.590866,0.000000,582870,2,0,2,35,1
2026-02-05,2710887.050000,2466670.240000,244216.810000,54729.340000,49459.280000,5270.060000,2343044.384064,1955399.793198,387644.590866,0.000000,582796,3,0,2,36,1
2026-02-06,2709325.490000,2466694.950000,242630.540000,55551.660000,50196.600000,5355.060000,2317298.058959,1929653.468093,387644.590866,0.000000,582775,4,0,2,37,1
2026-02-07,2583188.430000,2358465.150000,224723.280000,46461.260000,42003.830000,4457.430000,2322900.981868,1935256.391002,387644.590866,0.000000,582774,5,1,2,38,1
2026-02-08,2408282.970000,2200267.290000,208015.680000,45228.150000,40896.740000,4331.410000,2323062.095557,1935417.504691,387644.590866,0.000000,582783,6,1,2,39,1
2026-02-09,2674930.830000,2426435.830000,248495.000000,46965.490000,42133.370000,4832.120000,2323150.032814,1935505.441948,387644.590866,0.000000,582789,0,0,2,40,1
2026-02-10,2749024.320000,2492909.320000,256115.000000,39229.420000,35211.740000,4017.680000,2336977.453996,1949332.863130,387644.590866,0.000000,583091,1,0,2,41,1
2026-02-11,2761968.100000,2509427.050000,252541.050000,47666.300000,42875.860000,4790.440000,2337299.462575,1949654.871709,387644.590866,0.000000,583121,2,0,2,42,1
2026-02-12,2778672.220000,2511688.820000,266983.400000,56524.650000,50686.300000,5838.350000,2337355.954592,1949711.363726,387644.590866,0.000000,583139,3,0,2,43,1
2026-02-13,2755515.480000,2490957.870000,264557.610000,53785.640000,48091.510000,5694.130000,2339692.023632,1952047.432766,387644.590866,0.000000,583141,4,0,2,44,1
2026-02-14,2639169.850000,2398494.440000,240675.410000,55327.160000,49860.760000,5466.400000,2339756.850762,1952112.259896,387644.590866,0.000000,583150,5,1,2,45,1
2026-02-15,2401644.530000,2183354.320000,218290.210000,42983.170000,38583.310000,4399.860000,2340514.817017,1952870.226152,387644.590866,0.000000,583197,6,1,2,46,1
2026-02-16,2674904.940000,2433642.650000,241262.290000,50660.060000,45824.670000,4835.390000,2328336.347115,1940691.756249,387644.590866,0.000000,582868,0,0,2,47,1
2026-02-17,2678302.110000,2447496.000000,230806.110000,43466.100000,39330.670000,4135.430000,2324745.792355,1932977.990963,387644.590866,4123.210526,582195,1,0,2,48,1
2026-02-18,2679108.510000,2441026.210000,238082.300000,43783.340000,39358.830000,4424.510000,2332456.550406,1940688.749014,387644.590866,4123.210526,582704,2,0,2,49,1
2026-02-19,2720361.990000,2477068.090000,243293.900000,46055.800000,41674.210000,4381.590000,2336821.797697,1945053.996305,387644.590866,4123.210526,582893,3,0,2,50,1
2026-02-20,2705798.950000,2463419.090000,242379.860000,52397.990000,47269.650000,5128.340000,2342308.298687,1950540.497295,387644.590866,4123.210526,583074,4,0,2,51,1
2026-02-21,2626263.960000,2398542.880000,227721.080000,57609.290000,52282.210000,5327.080000,2346194.031701,1954426.230309,387644.590866,4123.210526,583323,5,1,2,52,1
2026-02-22,2408409.010000,2201236.110000,207172.900000,50594.360000,45997.470000,4596.890000,2344068.701378,1952300.899986,387644.590866,4123.210526,584110,6,1,2,53,1
2026-02-23,2676737.580000,2431523.570000,245214.010000,54260.090000,49009.990000,5250.100000,2348435.564834,1956667.763442,387644.590866,4123.210526,584038,0,0,2,54,1
2026-02-24,2695295.180000,2445452.510000,249842.670000,42805.210000,38468.070000,4337.140000,2336315.714460,1944547.913068,387644.590866,4123.210526,584022,1,0,2,55,1
2026-02-25,2721699.970000,2465916.910000,255783.060000,49245.370000,43966.170000,5279.200000,2348672.507791,1956904.706399,387644.590866,4123.210526,583933,2,0,2,56,1
2026-02-26,2739696.220000,2475943.880000,263752.340000,53354.720000,47702.200000,5652.520000,2349377.190357,1957609.388965,387644.590866,4123.210526,583943,3,0,2,57,1
2026-02-27,2769703.950000,2510387.140000,259316.810000,58608.760000,52686.640000,5922.120000,2349462.953242,1957695.151850,387644.590866,4123.210526,583951,4,0,2,58,1
2026-02-28,2670045.590000,2450560.510000,219485.080000,53553.050000,48729.650000,4823.400000,2349412.365700,1957644.564308,387644.590866,4123.210526,583959,5,1,2,59,1
2026-03-01,2463070.340000,2254581.090000,208489.250000,40337.560000,36086.480000,4251.080000,2339133.872367,1947366.070974,387644.590866,4123.210526,583710,6,1,3,60,1
2026-03-02,2722318.100000,2483624.140000,238693.960000,46796.170000,42416.650000,4379.520000,2340728.461448,1947741.840315,387644.590866,5342.030268,583841,0,0,3,61,1
2026-03-03,2790579.490000,2548563.150000,242016.340000,46193.190000,41915.010000,4278.180000,2340728.461448,1947741.840315,387644.590866,5342.030268,583841,1,0,3,62,1
2026-03-04,2737529.390000,2493654.260000,243875.130000,42166.580000,37899.420000,4267.160000,2340733.523043,1947741.840315,387644.590866,5347.091862,583846,2,0,3,63,1
2026-03-05,2769178.700000,2530439.650000,238739.050000,53841.610000,48941.200000,4900.410000,2341838.654800,1947875.278774,387644.590866,6318.785160,583858,3,0,3,64,1
2026-03-06,2777944.910000,2540502.440000,237442.470000,39981.080000,36171.880000,3809.200000,2346491.604410,1952525.590803,387644.590866,6321.422741,583876,4,0,3,65,1
2026-03-07,2660006.020000,2433886.780000,226119.240000,50560.860000,45623.320000,4937.540000,2347546.398482,1953208.101206,387644.590866,6693.706410,583961,5,1,3,66,1
2026-03-08,2474955.020000,2272566.400000,202388.620000,42668.210000,38732.010000,3936.200000,2249928.428535,1859685.514562,387644.590866,2598.323108,583974,6,1,3,67,1
2026-03-09,2739713.160000,2495769.180000,243943.980000,40364.150000,36462.340000,3901.810000,2250475.586351,1860173.742990,387644.590866,2657.252495,584068,0,0,3,68,1
2026-03-10,2763934.280000,2506579.070000,257355.210000,42696.630000,38321.800000,4374.830000,2265011.636170,1874707.163499,387644.590866,2659.881805,584133,1,0,3,69,1
2026-03-11,2771241.610000,2515250.330000,255991.280000,47783.620000,42685.590000,5098.030000,2265957.774387,1875652.497795,387644.590866,2660.685727,584216,2,0,3,70,1
2026-03-12,2712004.090000,2458809.680000,253194.410000,28145.740000,25016.410000,3129.330000,2268839.816564,1878521.409942,387644.590866,2673.815756,584302,3,0,3,71,1
2026-03-13,2710204.350000,2455270.600000,254933.750000,25396.900000,22720.070000,2676.830000,2268370.166531,1878046.662920,387644.590866,2678.912745,584335,4,0,3,72,1
2026-03-14,2614270.550000,2395178.620000,219091.930000,24914.230000,22502.460000,2411.770000,2257728.769007,1867405.082788,387644.590866,2679.095354,584113,5,1,3,73,1
2026-03-15,2438522.670000,2226870.640000,211652.030000,17776.990000,15778.970000,1998.020000,2257810.483225,1867479.124855,387644.590866,2686.767504,584128,6,1,3,74,1
2026-03-16,2711823.510000,2466181.150000,245642.360000,20560.180000,18383.000000,2177.180000,2250796.292442,1860449.820304,387652.589687,2693.882450,583888,0,0,3,75,1
2026-03-17,2764146.240000,2521031.570000,243114.670000,26888.900000,24036.130000,2852.770000,2213003.099642,1821757.326685,387769.364870,3476.408086,580321,1,0,3,76,1
2026-03-18,2671018.390000,2427502.380000,243516.010000,46350.980000,41708.130000,4642.850000,2223239.354262,1830962.234097,387769.906927,4507.213239,581809,2,0,3,77,1
2026-03-19,2707470.730000,2468469.010000,239001.720000,40046.660000,36105.470000,3941.190000,2232751.273684,1840296.704158,387774.067608,4680.501918,582865,3,0,3,78,1
2026-03-20,2712698.280000,2465335.060000,247363.220000,40747.370000,36675.820000,4071.550000,2228815.387100,1834551.472945,387774.413063,6489.501092,583792,4,0,3,79,1
2026-03-21,2615514.110000,2383662.290000,231851.820000,40242.910000,36214.830000,4028.080000,2223616.745111,1826355.820853,387774.413063,9486.511196,583792,5,1,3,80,1
2026-03-22,2460375.520000,2247347.540000,213027.980000,29637.050000,26566.440000,3070.610000,2208647.449937,1810928.955336,387774.413063,9944.081539,583826,6,1,3,81,1
2026-03-23,2548056.820000,2333318.220000,214738.600000,33252.990000,29972.660000,3280.330000,2208993.723367,1810798.406636,387774.413063,10420.903668,583809,0,0,3,82,1
2026-03-24,2772764.290000,2522207.120000,250557.170000,41099.140000,37038.090000,4061.050000,2207410.505499,1809149.172388,387774.523063,10486.810049,583812,1,0,3,83,1
2026-03-25,2775235.310000,2512610.720000,262624.590000,40626.520000,36399.420000,4227.100000,2193909.761642,1794560.090689,387790.973954,11558.696999,583885,2,0,3,84,1
2026-03-26,2801018.190000,2539521.920000,261496.270000,29604.240000,26450.590000,3153.650000,2194857.730465,1794337.305439,387791.288240,12729.136786,583951,3,0,3,85,1
2026-03-27,2740702.790000,2501860.680000,238842.110000,39247.210000,35584.920000,3662.290000,2194395.710390,1793732.041188,387851.970504,12811.698698,584007,4,0,3,86,1
2026-03-28,2602296.160000,2376262.520000,226033.640000,43653.910000,39639.350000,4014.560000,2190034.435189,1792273.623188,382070.316711,15690.495290,581085,5,1,3,87,1
2026-03-29,2451137.330000,2247377.240000,203760.090000,40254.170000,36597.150000,3657.020000,2181208.939658,1792266.704293,373115.003051,15827.232314,576777,6,1,3,88,1
2026-03-30,2641734.220000,2413325.830000,228408.390000,40952.520000,37092.660000,3859.860000,2171206.829390,1792286.932116,362447.355887,16472.541387,572819,0,0,3,89,1
2026-03-31,2691103.110000,2462178.230000,228924.880000,37714.710000,34194.280000,3520.430000,2166504.867567,1794048.977046,352864.338530,19591.551990,570414,1,0,3,90,1
2026-04-01,2678966.830000,2455497.480000,223469.350000,43856.010000,39627.760000,4228.250000,2300249.021091,1794458.913019,347338.975788,158451.132283,570293,2,0,4,91,1
2026-04-02,2581485.690000,2377601.820000,203883.870000,39344.090000,35851.490000,3492.600000,2331273.824461,1826678.656335,343320.061328,161275.106798,570236,3,0,4,92,1
2026-04-03,2372787.390000,2178273.170000,194514.220000,35332.750000,31941.660000,3391.090000,2330774.778230,1826678.656335,341888.112113,162208.009782,570220,4,0,4,93,1
2026-04-04,2551781.220000,2348949.110000,202832.110000,41396.450000,37690.580000,3705.870000,2330546.100620,1826678.656335,341217.161083,162650.283202,570216,5,1,4,94,1
2026-04-05,2478568.310000,2261113.590000,217454.720000,41250.610000,37385.510000,3865.100000,2323251.202066,1826639.407751,337527.438886,159084.355429,570119,6,1,4,95,1
2026-04-06,2712941.880000,2466334.590000,246607.290000,37928.680000,34227.240000,3701.440000,2296404.960931,1826709.492341,311317.251810,158378.216779,554446,0,0,4,96,1
2026-04-07,2732915.300000,2473207.930000,259707.370000,42425.500000,37968.170000,4457.330000,2294656.092685,1826774.642452,309469.388476,158412.061756,554504,1,0,4,97,1
2026-04-08,2716185.600000,2452240.720000,263944.880000,40569.960000,36093.050000,4476.910000,2291359.543926,1826415.512330,308722.142169,156221.889427,554862,2,0,4,98,1
2026-04-09,2741286.780000,2473244.740000,268042.040000,38921.480000,34789.660000,4131.820000,2288663.073018,1825579.491686,307668.522779,155415.058552,555137,3,0,4,99,1
2026-04-10,2751342.620000,2489311.530000,262031.090000,35498.890000,31563.690000,3935.200000,2289031.577318,1825754.069399,307629.661355,155647.846564,555750,4,0,4,100,1
2026-04-11,2601339.840000,2363011.810000,238328.030000,43107.980000,38735.000000,4372.980000,2287357.482950,1824588.398319,306963.224955,155805.859676,556213,5,1,4,101,1
2026-04-12,2459069.640000,2250163.070000,208906.570000,35869.600000,32440.370000,3429.230000,2173230.108551,1804548.742378,306771.003494,61910.362679,556397,6,1,4,102,1
2026-04-13,2680035.130000,2446954.610000,233080.520000,40895.990000,37032.890000,3863.100000,2123686.884304,1795709.005167,307122.933125,20854.946012,556969,0,0,4,103,1
2026-04-14,2712580.290000,2472215.720000,240364.570000,38676.850000,34906.120000,3770.730000,2086422.627154,1748942.027176,307096.153966,30384.446012,558126,1,0,4,104,1
2026-04-15,2712123.730000,2464108.780000,248014.950000,33068.660000,29546.280000,3522.380000,2091236.740924,1752406.349287,308445.945625,30384.446012,559048,2,0,4,105,1
2026-04-16,2676231.420000,2431657.290000,244574.130000,39165.940000,35234.050000,3931.890000,2070574.374606,1740886.662841,308832.765753,20854.946012,559981,3,0,4,106,1
2026-04-17,2664081.970000,2416597.500000,247484.470000,39502.920000,35574.840000,3928.080000,2093033.990146,1761916.880600,310276.424404,20840.685143,562657,4,0,4,107,1
2026-04-18,2519341.910000,2292180.600000,227161.310000,34486.800000,31054.540000,3432.260000,2278884.832896,1947243.786733,310804.169531,20836.876632,567545,5,1,4,108,1
2026-04-19,2301178.780000,2099651.450000,201527.330000,33589.310000,30416.350000,3172.960000,2285744.790441,1954759.100092,311032.104478,19953.585871,569479,6,1,4,109,1
2026-04-20,2579325.340000,2354115.320000,225210.020000,36481.910000,33042.570000,3439.340000,2292285.044974,1960228.134379,312118.304317,19938.606279,570591,0,0,4,110,1
2026-04-21,2639865.760000,2409775.710000,230090.050000,45281.320000,41066.350000,4214.970000,2297021.568179,1964576.561917,312630.364223,19814.642039,570804,1,0,4,111,1
2026-04-22,2671952.330000,2437452.970000,234499.360000,39121.030000,35305.700000,3815.330000,2300358.903444,1967778.411572,313031.310510,19549.181362,570679,2,0,4,112,1
2026-04-23,2696293.650000,2463193.980000,233099.670000,37826.270000,34337.200000,3489.070000,2307285.990987,1974590.293266,313354.232666,19341.465055,570428,3,0,4,113,1
2026-04-24,2659623.110000,2428476.740000,231146.370000,39128.990000,35542.150000,3586.840000,2305176.548582,1972966.777402,313967.710224,18242.060956,569841,4,0,4,114,1
2026-04-25,2535430.740000,2311074.140000,224356.600000,34847.600000,31500.910000,3346.690000,2304837.596521,1972307.208463,314282.036668,18248.351390,569902,5,1,4,115,1
2026-04-26,2353364.640000,2157615.480000,195749.160000,31524.340000,28584.560000,2939.780000,2304818.330898,1972228.226496,314324.666899,18265.437503,569897,6,1,4,116,1
2026-04-27,2628708.630000,2390179.370000,238529.260000,36092.350000,32605.270000,3487.080000,2305389.699519,1972647.800570,314435.507186,18306.391762,569984,0,0,4,117,1
2026-04-28,2665669.910000,2410152.070000,255517.840000,40635.020000,36488.520000,4146.500000,2311405.791887,1971032.231962,321834.352342,18539.207584,573228,1,0,4,118,1
2026-04-29,2678747.140000,2420969.780000,257777.360000,37714.520000,33664.230000,4050.290000,2321061.267268,1970585.321541,331930.482770,18545.462957,578398,2,0,4,119,1
2026-04-30,2682087.610000,2426470.950000,255616.660000,43935.750000,39378.400000,4557.350000,2331806.044099,1970020.018126,343205.434221,18580.591752,583174,3,0,4,120,1
2026-05-01,2602585.280000,2365912.410000,236672.870000,46942.830000,42410.170000,4532.660000,2319025.540183,1945230.536591,355150.418954,18644.584638,584458,4,0,5,121,1
2026-05-02,2587820.690000,2356926.280000,230894.410000,30857.880000,27620.670000,3237.210000,2327011.567461,1953207.307771,355159.675051,18644.584638,584476,5,1,5,122,1
2026-05-03,2425935.060000,2218911.450000,207023.610000,22007.180000,19890.250000,2116.930000,2327017.282036,1953172.052609,355188.922878,18656.306549,584487,6,1,5,123,1
2026-05-04,2656032.030000,2423203.690000,232828.340000,24478.590000,22096.520000,2382.070000,2327439.576830,1953587.808653,355188.922878,18662.845298,584496,0,0,5,124,1
2026-05-05,2686419.660000,2450586.620000,235833.040000,24073.020000,21770.740000,2302.280000,2328012.461522,1953852.705664,355333.484134,18826.271723,584522,1,0,5,125,1
2026-05-06,2725397.170000,2488424.190000,236972.980000,22110.670000,19726.480000,2384.190000,2379546.000425,2005266.995674,355363.266395,18915.738356,584671,2,0,5,126,1
2026-05-07,2712346.920000,2474415.060000,237931.860000,36445.000000,33042.050000,3402.950000,2379785.665635,2005285.333375,355513.881149,18986.451111,584716,3,0,5,127,1
2026-05-08,2740959.170000,2500189.150000,240770.020000,36377.450000,32844.690000,3532.760000,2379927.944999,2005285.333375,355553.770543,19088.841081,584776,4,0,5,128,1
2026-05-09,2650456.610000,2420098.820000,230357.790000,31962.150000,28790.600000,3171.550000,2380307.890495,2005285.333375,355669.116673,19353.440447,584891,5,1,5,129,1
2026-05-10,2433945.830000,2228165.210000,205780.620000,27383.490000,24531.490000,2852.000000,2361702.217960,1986518.016545,355691.354703,19492.846712,584948,6,1,5,130,1
2026-05-11,2728699.860000,2485508.990000,243190.870000,41176.230000,37316.080000,3860.150000,2361470.018009,1986284.926888,355691.354703,19493.736418,584949,0,0,5,131,1
2026-05-12,2737859.040000,2477412.920000,260446.120000,36234.660000,32475.170000,3759.490000,2362097.589440,1986812.465790,355699.061530,19586.062121,585017,1,0,5,132,1
2026-05-13,2731499.970000,2471375.630000,260124.340000,34659.220000,31012.110000,3647.110000,2186988.218436,1811567.755338,355709.310509,19711.152589,584918,2,0,5,133,1
2026-05-14,2725534.600000,2466773.380000,258761.220000,36108.070000,32506.180000,3601.890000,2188491.218335,1812949.543498,355748.833773,19792.841063,584943,3,0,5,134,1
2026-05-15,2764538.830000,2505493.820000,259045.010000,36544.020000,32820.100000,3723.920000,2188858.107845,1813126.857790,355754.251559,19976.998497,585012,4,0,5,135,1
2026-05-16,2674165.760000,2432276.900000,241888.860000,48829.140000,44344.290000,4484.850000,2183466.279927,1807664.670341,355768.164541,20033.445044,584871,5,1,5,136,1
2026-05-17,2426615.990000,2216774.520000,209841.470000,41280.130000,37266.370000,4013.760000,2195449.152384,1819647.542798,355768.164541,20033.445044,584626,6,1,5,137,1
2026-05-18,2481583.010000,2270911.100000,210671.910000,30763.100000,27740.350000,3022.750000,2197293.708803,1821492.099217,355768.164541,20033.445044,584993,0,0,5,138,1
2026-05-19,2706200.990000,2460578.370000,245622.620000,35450.160000,32056.910000,3393.250000,2195755.145467,1819953.535882,355768.164541,20033.445044,584911,1,0,5,139,1
2026-05-20,2732374.890000,2484738.790000,247636.100000,38158.210000,34492.000000,3666.210000,2202504.423595,1826621.758059,355777.265284,20105.400252,584919,2,0,5,140,1
2026-05-21,2732040.950000,2481948.890000,250092.060000,42420.420000,38254.750000,4165.670000,2191313.767852,1815189.156694,355808.598081,20316.013076,584609,3,0,5,141,1
2026-05-22,2703403.690000,2462211.510000,241192.180000,32663.940000,29518.010000,3145.930000,2188949.951536,1812793.927738,355812.883796,20343.140002,584617,4,0,5,142,1
2026-05-23,2623830.980000,2393977.680000,229853.300000,30597.030000,27396.680000,3200.350000,2280457.491549,1904262.125964,355812.883796,20382.481789,586243,5,1,5,143,1
2026-05-24,2444789.260000,2232927.300000,211861.960000,23578.050000,20834.200000,2743.850000,2276480.391069,1900285.025484,355812.883796,20382.481789,586250,6,1,5,144,1
2026-05-25,2718674.030000,2462557.050000,256116.980000,20200.010000,18167.090000,2032.920000,2280064.914599,1903833.274016,355812.883796,20418.756788,586292,0,0,5,145,1
2026-05-26,2725300.960000,2466648.240000,258652.720000,36700.660000,32839.870000,3860.790000,2280868.898210,1904601.470189,355812.883796,20454.544225,586287,1,0,5,146,1
2026-05-27,2749146.920000,2490681.840000,258465.080000,36492.080000,32618.590000,3873.490000,2280532.002227,1904193.391511,355812.883796,20525.726920,586325,2,0,5,147,1
2026-05-28,2775160.980000,2512989.690000,262171.290000,38051.510000,34104.510000,3947.000000,2280705.634652,1904320.667993,355812.883796,20572.082863,586364,3,0,5,148,1
2026-05-29,2756798.640000,2490763.930000,266034.710000,42208.850000,37838.500000,4370.350000,2278826.850655,1902432.475214,355812.883796,20581.491645,586338,4,0,5,149,1
2026-05-30,2620760.050000,2384212.900000,236547.150000,36001.440000,32330.690000,3670.750000,2278835.670758,1902441.295317,355812.883796,20581.491645,586322,5,1,5,150,1
2026-05-31,2458684.060000,2251173.850000,207510.210000,29025.390000,25933.810000,3091.580000,2278860.964953,1902460.266875,355812.883796,20587.814283,586336,6,1,5,151,1
2026-06-01,2697621.320000,2457460.110000,240161.210000,34608.350000,31205.160000,3403.190000,2278857.994081,1902454.473968,355812.883796,20590.636317,586337,0,0,6,152,1
2026-06-02,2752322.260000,2506824.390000,245497.870000,36711.750000,33128.310000,3583.440000,2278035.764167,1901606.512914,355812.883796,20616.367458,586338,1,0,6,153,1
2026-06-03,2753114.250000,2507516.340000,245597.910000,37139.380000,33357.480000,3781.900000,2278282.624905,1901839.289528,355812.883796,20630.451581,586391,2,0,6,154,1
2026-06-04,2728862.510000,2491542.350000,237320.160000,40034.600000,36135.120000,3899.480000,2278737.255992,1902221.446317,355812.883796,20702.925879,586434,3,0,6,155,1
2026-06-05,2688139.030000,2451399.180000,236739.850000,38636.370000,34872.680000,3763.690000,2280962.967292,1903413.867845,355812.883796,21736.215652,586505,4,0,6,156,1
2026-06-06,2618262.190000,2399536.700000,218725.490000,43087.130000,39333.580000,3753.550000,2281115.067723,1903556.114410,355812.883796,21746.069518,586544,5,1,6,157,1
2026-06-07,2410556.420000,2212233.830000,198322.590000,28231.060000,24962.530000,3268.530000,2171978.821630,1794364.017788,355812.883796,21801.920046,586212,6,1,6,158,1
2026-06-08,2482195.260000,2264175.830000,218019.430000,28076.210000,24858.400000,3217.810000,2154977.786027,1777362.982185,355812.883796,21801.920046,586210,0,0,6,159,1
2026-06-09,2687306.670000,2446121.380000,241185.290000,59656.010000,53402.510000,6253.500000,2162958.731783,1785343.927941,355812.883796,21801.920046,586245,1,0,6,160,1
2026-06-10,2714538.780000,2456975.650000,257563.130000,35828.310000,31964.320000,3863.990000,2163677.544855,1785895.216464,355812.883796,21969.444596,586358,2,0,6,161,1
2026-06-11,2733681.160000,2482984.280000,250696.880000,40789.110000,36751.740000,4037.370000,2188177.741728,1810373.421344,355812.883796,21991.436589,586460,3,0,6,162,1
2026-06-12,2790983.440000,2539626.930000,251356.510000,41302.520000,37303.470000,3999.050000,2188539.119455,1810729.885163,355812.883796,21996.350496,586527,4,0,6,163,1
2026-06-13,2686642.510000,2450267.700000,236374.810000,41331.980000,37342.730000,3989.250000,2188734.192859,1810895.219246,355812.883796,22026.089817,586552,5,1,6,164,1
2026-06-14,2459504.270000,2254025.800000,205478.470000,34697.400000,31400.570000,3296.830000,2188979.309544,1811130.224820,355812.883796,22036.200928,586598,6,1,6,165,1
2026-06-15,2480959.550000,2277521.030000,203438.520000,35972.160000,32603.410000,3368.750000,2189294.662885,1811435.599833,355812.883796,22046.179257,586666,0,0,6,166,1
2026-06-16,2681830.100000,2452496.230000,229333.870000,35243.680000,31987.110000,3256.570000,2177814.423229,1799954.010504,355812.883796,22047.528930,586418,1,0,6,167,1
2026-06-17,2737780.890000,2507034.770000,230746.120000,32301.860000,29058.300000,3243.560000,2179879.473365,1801465.072181,355812.883796,22601.517389,586311,2,0,6,168,1
2026-06-18,2713591.350000,2480410.940000,233180.410000,40055.830000,36260.080000,3795.750000,2193824.149628,1814569.375752,355812.883796,23441.890080,587551,3,0,6,169,1
2026-06-19,2711778.870000,2484049.720000,227729.150000,41313.660000,37409.690000,3903.970000,2187599.951599,1808133.835097,355812.883796,23653.232706,587650,4,0,6,170,1
2026-06-20,2603584.670000,2381167.300000,222417.370000,38111.960000,34391.880000,3720.080000,2192144.735759,1811736.642308,355812.883796,24595.209656,587788,5,1,6,171,1
2026-06-21,2426424.660000,2223207.030000,203217.630000,29131.800000,25912.970000,3218.830000,2193484.204248,1812860.168831,355812.883796,24811.151622,587905,6,1,6,172,1
2026-06-22,2702303.970000,2462517.250000,239786.720000,35477.610000,32086.680000,3390.930000,2195351.261567,1812998.630131,355812.883796,26539.747640,587987,0,0,6,173,1
2026-06-23,2766844.800000,2510546.530000,256298.270000,37450.950000,33654.980000,3795.970000,2115473.634854,1711778.021053,355812.883796,47882.730005,586410,1,0,6,174,1
2026-06-24,2788523.730000,2533367.380000,255156.350000,34458.090000,30856.210000,3601.880000,2118559.628485,1711663.697839,355812.883796,51083.046850,586443,2,0,6,175,1
2026-06-25,2789830.600000,2537794.600000,252036.000000,40995.650000,36984.740000,4010.910000,2117254.840321,1709793.579119,355812.883796,51648.377406,586460,3,0,6,176,1
2026-06-26,2747065.680000,2498427.080000,248638.600000,35738.750000,32224.990000,3513.760000,2118150.572248,1710189.108596,355812.883796,52148.579857,586544,4,0,6,177,1
2026-06-27,2693447.650000,2454108.400000,239339.250000,44937.250000,40753.410000,4183.840000,2119774.850058,1711748.545136,355812.883796,52213.421127,586608,5,1,6,178,1
2026-06-28,2454842.480000,2246894.120000,207948.360000,35125.410000,31722.210000,3403.200000,2134105.171643,1712306.311166,355812.883796,65985.976682,586626,6,1,6,179,1
2026-06-29,2497857.600000,2289736.870000,208120.730000,30660.210000,27753.430000,2906.780000,2134420.017406,1712608.218331,355812.883796,65998.915279,586634,0,0,6,180,1
2026-06-30,2740005.270000,2502974.030000,237031.240000,33185.420000,29929.790000,3255.630000,2136116.227524,1713448.330857,355812.883796,66855.012872,586675,1,0,6,181,1
2026-07-01,2741926.190000,2500467.830000,241458.360000,34783.360000,31201.250000,3582.110000,2137684.521948,1714215.476182,355812.883796,67656.161970,586780,2,0,7,182,0
2026-07-02,2754201.400000,2516310.130000,237891.270000,41115.520000,37292.260000,3823.260000,2418449.802959,1714901.587591,329610.180281,373938.035087,572363,3,0,7,183,0
2026-07-03,2775456.050000,2536483.880000,238972.170000,30913.060000,27868.870000,3044.190000,2400182.476353,1715310.915721,310814.378830,374057.181803,561450,4,0,7,184,0
2026-07-04,2580824.130000,2369698.760000,211125.370000,34745.410000,31242.120000,3503.290000,2373275.497084,1714658.539953,289391.345542,369225.611589,548989,5,1,7,185,0
2026-07-05,2454123.250000,2254016.930000,200106.320000,30798.210000,27550.880000,3247.330000,2355008.821407,1714402.617374,273296.322371,367309.881662,539176,6,1,7,186,0
2026-07-06,2756933.280000,2522537.190000,234396.090000,33031.850000,29967.410000,3064.440000,2340828.202654,1714142.906669,259494.288392,367191.007593,530784,0,0,7,187,0
2026-07-07,2783371.320000,2547611.250000,235760.070000,43813.390000,39673.270000,4140.120000,2185345.330431,1687003.820155,236511.330748,261830.179528,517777,1,0,7,188,0
2026-07-08,2795500.800000,2541599.600000,253901.200000,44600.400000,40059.470000,4540.930000,2386576.451321,1686883.527952,217354.322507,482338.600862,505373,2,0,7,189,0
2026-07-09,2760835.080000,2516411.630000,244423.450000,51691.530000,46694.690000,4996.840000,2357675.636710,1681059.534634,195119.412234,481496.689842,491516,3,0,7,190,0
2026-07-10,2722501.820000,2480463.750000,242038.070000,44130.180000,39802.840000,4327.340000,2344655.976720,1681000.282929,182244.083341,481411.610450,483479,4,0,7,191,0
2026-07-11,2642065.090000,2421467.720000,220597.370000,44381.120000,40266.410000,4114.710000,2277215.505888,1649317.236867,158563.632707,469334.636314,466263,5,1,7,192,0
2026-07-12,2437498.140000,2237713.420000,199784.720000,43892.070000,39870.990000,4021.080000,2031004.212876,1649080.085360,138503.490851,243420.636666,454522,6,1,7,193,0
2026-07-13,2520849.960000,2320117.500000,200732.460000,38840.210000,35148.990000,3691.220000,1802809.098735,1648848.985882,124622.888206,29337.224647,445837,0,0,7,194,0
2026-07-14,2748385.990000,2504958.660000,243427.330000,41949.010000,37782.710000,4166.300000,1779493.250523,1648672.160962,101688.250027,29132.839534,433415,1,0,7,195,0
2026-07-15,2789573.250000,2536925.240000,252648.010000,40371.990000,36228.670000,4143.320000,1755829.254530,1648250.058756,81727.905246,25851.290529,421834,2,0,7,196,0
2026-07-16,2766541.570000,2509230.170000,257311.400000,33566.230000,30086.340000,3479.890000,1740712.904590,1647959.825746,67143.410461,25609.668383,411438,3,0,7,197,0
2026-07-17,2803273.760000,2552385.940000,250887.820000,46012.570000,41563.760000,4448.810000,1609684.939601,1528019.762300,57281.107354,24384.069947,380624,4,0,7,198,0
2026-07-18,2687787.670000,2460018.420000,227769.250000,44777.900000,40620.130000,4157.770000,1395408.573630,1319320.653873,52711.275228,23376.644529,330446,5,1,7,199,0
2026-07-19,2496194.170000,2299313.020000,196881.150000,39124.060000,35395.410000,3728.650000,1166441.077304,1094302.738690,49368.815700,22769.522915,279970,6,1,7,200,0
2026-07-20,2506247.560000,2305421.750000,200825.810000,38781.740000,35104.310000,3677.430000,970200.498584,900380.764765,48002.876257,21816.857563,231751,0,0,7,201,0
2026-07-21,2694129.840000,2464645.740000,229484.100000,36135.160000,32562.000000,3573.160000,761935.314627,694053.795517,46846.960337,21034.558773,180272,1,0,7,202,0
2026-07-22,2736387.860000,2498965.490000,237422.370000,37571.970000,33768.430000,3803.540000,542870.618075,476617.396400,45988.949939,20264.271736,130311,2,0,7,203,0
2026-07-23,2731533.840000,2492008.910000,239524.930000,46725.590000,42193.530000,4532.060000,332849.427130,268360.925191,45047.257869,19441.244070,84844,3,0,7,204,0
2026-07-24,2707736.670000,2471377.460000,236359.210000,36661.860000,33149.010000,3512.850000,175210.441399,112348.079282,44494.049980,18368.312137,56630,4,0,7,205,0
2026-07-25,2628282.000000,2403119.840000,225162.160000,37870.450000,34171.150000,3699.300000,94641.178010,32407.656973,43985.726757,18247.794280,40137,5,1,7,206,0
2026-07-26,2435159.510000,2235857.380000,199302.130000,34661.340000,31156.260000,3505.080000,72285.259069,10139.280282,43925.426672,18220.552115,35333,6,1,7,207,0
2026-07-27,2693974.160000,2449610.230000,244363.930000,38498.080000,34572.560000,3925.520000,67656.573818,5630.273261,43826.114345,18200.186211,34085,0,0,7,208,0
2026-07-28,2735012.180000,2482778.020000,252234.160000,39924.410000,35812.540000,4111.870000,58291.724098,3580.326404,39127.732584,15583.665111,30082,1,0,7,209,0
2026-07-29,2792949.400000,2530917.030000,262032.370000,42218.840000,37858.170000,4360.670000,46264.069562,3044.340246,31530.514803,11689.214512,23721,2,0,7,210,0
2026-07-30,2802372.010000,2540053.280000,262318.730000,47009.460000,41974.780000,5034.680000,23014.405289,1593.412449,15973.543954,5447.448886,12539,3,0,7,211,0
2026-07-31,2779037.180000,2516610.150000,262427.030000,43732.290000,38977.220000,4755.070000,582.289688,417.983366,94.496596,69.809727,228,4,0,7,212,0
