periodo_reporte,filas_tc1,usuarios_tc1_unicos,filas_tc2,filas_tc2_validas,filas_tc2_invalidas,filas_tc2_duplicadas,cruce_tc1_pct,consumo_reportado_kwh,consumo_valido_kwh,consumo_asignado_periodo_analisis_kwh,consumo_asignado_2025_kwh,refacturacion_kwh,suma_hc,suma_valor_consumo_recuperado,suma_valor_refacturacion_por_consumo_usuario,suma_valor_del_subsidio_usuario,suma_vcd,suma_valor_cartera_consumo,suma_cec_kwh,suma_thc,suma_valor_facturacion_por_consumo_usuario,suma_tvc,suma_vcf,suma_refacturacion_por_consumo_usuario_kwh,suma_vc,suma_valor_de_la_contribucion,suma_consumo_promedio_semestral_kwh,suma_valor_total_facturado,suma_tarifa_aplicada_kwh,suma_energia_activa_exportada_kwh,suma_consumo_recuperado_kwh,suma_conpu,promedio_hc,promedio_valor_consumo_recuperado,promedio_valor_refacturacion_por_consumo_usuario,promedio_valor_del_subsidio_usuario,promedio_vcd,promedio_valor_cartera_consumo,promedio_cec_kwh,promedio_thc,promedio_valor_facturacion_por_consumo_usuario,promedio_tvc,promedio_vcf,promedio_refacturacion_por_consumo_usuario_kwh,promedio_vc,promedio_valor_de_la_contribucion,promedio_consumo_promedio_semestral_kwh,promedio_valor_total_facturado,promedio_tarifa_aplicada_kwh,promedio_energia_activa_exportada_kwh,promedio_consumo_recuperado_kwh,promedio_conpu
2025-01,569903,569892,564705,564692,0,13,0.999993,94790010.000000,94790010.000000,41300613.703261,41300613.703261,-768992.000000,74256.646700,0.000000,-614116162.000000,19584048123.000000,80803933.000000,16004392525.000000,924875.000000,465663.847100,84453172047.000000,30321.000000,0.000000,-768992.000000,71847101.000000,3610011999.000000,67886035.000000,85257615843.000000,338952803.632100,273208.000000,0.000000,8956832.000000,0.131499,0.000000,-1087.524105,34680.937791,143.093816,28341.808499,1.637840,0.824633,149556.168756,0.053695,0.000000,-1.361790,127.232369,6392.886740,120.217809,150980.739665,600.243679,0.483818,0.000000,15.861447
2025-02,571246,571236,352398,352395,0,3,0.999991,57754177.000000,57754177.000000,57754177.000000,57754177.000000,-668252.000000,2202.459100,0.000000,-363293335.000000,7966204233.000000,53126868.000000,10018552122.000000,706158.000000,96514.546400,51067620726.000000,12658.000000,2397412.000000,-668252.000000,50330671.000000,2876595383.000000,56609963.000000,56521929683.000000,235448729.469800,228465.000000,0.000000,5193609.000000,0.006250,0.000000,-1030.926475,22605.894615,150.759426,28429.892938,2.003882,0.273882,144915.849334,0.035920,6.803195,-1.896315,142.824589,8162.985806,160.643491,160393.676650,668.138678,0.648321,0.000000,14.738033
2025-03,572352,572345,352590,352581,0,9,0.999991,55102441.000000,55102441.000000,55102441.000000,55102441.000000,-304506.000000,3547.466600,0.000000,-275243777.000000,7921761577.000000,17456329.000000,10672771706.000000,243511.000000,89220.812100,50402114874.000000,12590.000000,0.000000,-304506.000000,16275106.000000,2891428132.000000,59426445.000000,56696223931.000000,241364927.996400,260018.000000,0.000000,1181223.000000,0.010061,0.000000,-780.654026,22467.919647,49.510124,30270.410788,0.690653,0.253051,142951.874531,0.035708,0.000000,-0.863648,46.159907,8200.748571,168.546930,160803.401009,684.565895,0.737470,0.000000,3.350217
2025-04,573539,573533,568197,568176,6,15,0.999995,93188521.000000,93184909.000000,93029566.437835,93029566.437835,-683000.000000,92600.141700,0.000000,-609415098.000000,19859577236.000000,75353240.000000,17658211836.000000,773824.000000,380408.372700,86958819000.000000,9326.000000,184516.000000,-683000.000000,66509296.000000,3946716733.000000,66717604.000000,89615171328.000000,353307291.320900,226115.000000,0.000000,9028460.000000,0.162976,0.000000,-1072.570229,34952.844750,132.621660,31078.442886,1.361930,0.669519,153047.472465,0.016414,0.324748,-1.202080,117.056324,6946.219227,117.422945,157722.651066,621.820634,0.397962,0.000000,15.890085
2025-05,574735,574717,354533,354508,8,17,0.999992,57344408.000000,57295429.000000,57295429.000000,57295429.000000,-486630.000000,3600.000000,0.000000,-446634140.000000,7249606439.000000,25729763.000000,10964676161.000000,311302.000000,75128.071600,50260325282.000000,3001.000000,786918.000000,-486630.000000,21031511.000000,2921410728.000000,55424199.000000,57503091396.000000,237365863.451400,190256.000000,0.000000,5485170.000000,0.010155,0.000000,-1259.841982,20449.306770,72.577156,30928.579136,0.878104,0.211917,141771.669775,0.008465,2.219697,-1.372660,59.324575,8240.561013,156.337652,162201.681718,669.549085,0.536664,0.000000,15.472278
2025-06,576310,576301,355215,354977,228,10,0.999992,59636137.000000,58616721.000000,58616721.000000,58616721.000000,-358089.000000,1119.637200,0.000000,-299375855.000000,6493227464.000000,60158343.000000,11430869434.000000,837119.000000,75067.350400,49360980830.000000,3043.000000,8099336.000000,-358089.000000,60371740.000000,2928805799.000000,55559826.000000,57874182586.000000,229869465.558900,191462.000000,0.000000,7885939.000000,0.003152,0.000000,-842.825566,18280.225402,169.362320,32181.048786,2.356721,0.211335,138964.769161,0.008567,22.801864,-1.008119,169.963092,8245.395755,156.416227,162931.779074,647.145917,0.539018,0.000000,22.201092
2025-07,577852,577836,573447,573183,222,42,0.999995,91621318.000000,91367497.000000,91367497.000000,91367497.000000,-892861.000000,101627.371100,0.000000,-750898181.000000,16076320073.000000,90534200.000000,17053459710.000000,936809.000000,387569.734300,78836777964.000000,2993.000000,0.000000,-892861.000000,78145009.000000,3520061421.000000,70104800.000000,84118473131.000000,348393711.950600,179300.000000,0.000000,12389191.000000,0.177235,0.000000,-1309.542437,28036.588577,157.888752,29740.688885,1.633765,0.675909,137488.821974,0.005220,0.000000,-1.557121,136.282399,6138.874654,122.260531,146699.929598,607.587503,0.312693,0.000000,21.606353
2025-08,578877,578859,356859,356851,0,8,0.999992,59326253.000000,59326253.000000,59326253.000000,59326253.000000,-291245.000000,3859.435200,0.000000,-298701068.000000,6730552161.000000,11389471.000000,11950843419.000000,135670.000000,58968.020200,49876773217.000000,271.000000,1114242.000000,-291245.000000,9870405.000000,2900959537.000000,57815421.000000,58731487522.000000,233613572.615500,220855.000000,0.000000,2633308.000000,0.010815,0.000000,-837.047025,18860.959227,31.916601,33489.729380,0.380187,0.165245,139769.184385,0.000759,3.122429,-0.816153,27.659738,8129.329992,162.015578,164582.662013,654.652986,0.618900,0.000000,7.379293
2025-09,580431,580415,357737,357676,52,9,0.999992,60728397.000000,59942160.000000,59942160.000000,59942160.000000,-861777.000000,17105.933500,0.000000,-669230271.000000,6449294929.000000,52000884.000000,10768467586.000000,556677.000000,68813.249800,49957841185.000000,271.000000,1832286.000000,-861777.000000,43808166.000000,2941342256.000000,58347961.000000,57664235621.000000,232372742.310400,198506.000000,0.000000,10025004.000000,0.047818,0.000000,-1870.779673,18028.487927,145.364310,30102.389486,1.556146,0.192362,139653.147601,0.000758,5.122009,-2.409029,122.462223,8222.286922,163.107056,161195.756611,649.579408,0.554908,0.000000,28.024097
2025-10,581815,581788,576528,576491,0,37,0.999995,90432578.000000,90432578.000000,90432578.000000,90432578.000000,-785872.000000,61770.453500,0.000000,-642808000.000000,15860900532.000000,74340987.000000,17665901273.000000,841539.000000,406735.094500,78371736997.000000,1281.000000,47965.000000,-785872.000000,62371593.000000,3573295716.000000,69699488.000000,84619824322.000000,355725533.421500,216060.000000,0.000000,12017359.000000,0.107149,0.000000,-1115.035621,27512.832866,128.954289,30643.845737,1.459761,0.705536,135946.158738,0.002222,0.083202,-1.363199,108.191790,6198.354729,120.902994,146784.293809,617.053056,0.374785,0.000000,20.845701
2025-11,583246,583234,359092,359085,0,7,0.999992,58225005.000000,58225005.000000,58225005.000000,58225005.000000,-466804.000000,941.976700,0.000000,-608182152.000000,7415162972.000000,10584576.000000,11858379004.000000,158157.000000,55363.905400,51132009818.000000,233.000000,0.000000,-466804.000000,8707471.000000,3028376621.000000,58219857.000000,59143151993.000000,243981607.410600,248152.000000,0.000000,1877105.000000,0.002623,0.000000,-1693.699687,20650.160747,29.476519,33023.877366,0.440444,0.154181,142395.281947,0.000649,0.000000,-1.299982,24.249052,8433.592662,162.133915,164705.158926,679.453632,0.691068,0.000000,5.227467
2025-12,584970,584917,360058,360056,0,2,0.999992,57865903.000000,57865903.000000,57865903.000000,57865903.000000,-284332.000000,26471.638500,0.000000,-230748985.000000,6298295511.000000,63638010.000000,13613896861.000000,789351.000000,75649.066300,47557098100.000000,236.000000,895774.000000,-284332.000000,58178509.000000,2766899041.000000,58322806.000000,58432827142.000000,234922173.012400,276215.000000,0.000000,6355275.000000,0.073521,0.000000,-640.869712,17492.544246,176.744756,37810.498536,2.192301,0.210104,132082.504110,0.000655,2.487874,-0.789688,161.581834,7684.635282,161.982597,162288.163902,652.460098,0.767145,0.000000,17.650796
2026-01,586048,586035,580583,580577,0,6,0.999995,93534940.000000,93534940.000000,93534940.000000,55232577.224179,-581126.000000,120029.638900,0.000000,-481711321.000000,18039994665.000000,116863033.000000,19287292634.000000,1423976.000000,464596.355500,81953214018.000000,3896.000000,6658614.000000,-581126.000000,100826670.000000,3570109283.000000,69270530.000000,87597299787.000000,354487850.890500,245250.000000,0.000000,22694977.000000,0.206742,0.000000,-829.711341,31072.527270,201.287741,33220.903746,2.452691,0.800232,141158.216771,0.006711,11.468959,-1.000946,173.666318,6149.243396,119.313252,150879.727903,610.578529,0.422425,0.000000,39.090382
2026-02,587532,587513,362165,362161,0,4,0.999992,58501917.000000,58501917.000000,58501917.000000,0.000000,-383321.000000,8881.682000,0.000000,-347482147.000000,7048105715.000000,34053893.000000,11679185971.000000,385833.000000,91298.767700,49998610567.000000,347.000000,3402146.000000,-383321.000000,27702483.000000,2918774107.000000,57672097.000000,58127242012.000000,241306424.009700,246060.000000,0.000000,9753556.000000,0.024524,0.000000,-959.468709,19461.249872,94.029708,32248.602061,1.065363,0.252094,138056.308015,0.000958,9.394015,-1.058427,76.492176,8059.327501,159.244361,160501.108656,666.295995,0.679422,0.000000,26.931547
2026-03,588400,588381,362968,362963,0,5,0.999992,55235698.000000,55235698.000000,55235698.000000,0.000000,-268546.000000,5128.072300,0.000000,-217452099.000000,6809765013.000000,24001166.000000,12380202304.000000,343789.000000,92872.401200,48054835290.000000,347.000000,0.000000,-268546.000000,21277813.000000,2828115045.000000,57730568.000000,57267885317.000000,245766013.034200,265156.000000,0.000000,2723353.000000,0.014128,0.000000,-599.102661,18761.595570,66.125655,34108.717153,0.947174,0.255873,132395.961269,0.000956,0.000000,-0.739872,58.622540,7791.744737,159.053589,157778.851610,677.110375,0.730532,0.000000,7.503115
2026-04,589657,589642,584209,583935,255,19,0.999995,94901119.000000,94537761.000000,94537761.000000,216287.434625,-968789.000000,103059.362600,0.000000,-838657655.000000,17878343096.000000,100143926.000000,18485950280.000000,1126691.000000,448041.828900,85372427165.000000,9284.000000,748028.000000,-968789.000000,84479223.000000,3822371013.000000,68538596.000000,90563276081.000000,369735886.477900,234190.000000,0.000000,16412731.000000,0.176414,0.000000,-1435.590570,30603.644527,171.423554,31643.729403,1.928638,0.766945,146138.118018,0.015892,1.280453,-1.658346,144.609156,6543.027120,117.322440,155023.667096,632.903484,0.400880,0.000000,28.094851
2026-05,590951,590942,364297,364295,0,2,0.999992,57337685.000000,57337685.000000,57337685.000000,0.000000,-453186.000000,8709.754700,0.000000,-397533231.000000,6682605108.000000,35694491.000000,12840071577.000000,476001.000000,103536.681600,49553311245.000000,850.000000,1145150.000000,-453186.000000,26216201.000000,2973042932.000000,57570288.000000,59358254787.000000,247716842.199700,265390.000000,0.000000,10623440.000000,0.023909,0.000000,-1091.239877,18343.938588,97.982380,35246.356873,1.306636,0.284211,136025.230226,0.002333,3.143469,-1.244008,71.964208,8161.086295,158.032056,162940.075453,679.989685,0.728503,0.000000,29.161641
2026-06,592108,592096,365233,365224,0,9,0.999855,58383856.000000,58383856.000000,58383856.000000,0.000000,-1001417.000000,22268.374700,0.000000,-553896109.000000,7064811861.000000,114854481.000000,10768634078.000000,1324321.000000,124677.241600,51469169452.000000,739.000000,761780.000000,-1001417.000000,95165195.000000,3047605873.000000,57431446.000000,58553219737.000000,251854958.897700,303683.000000,0.000000,20451066.000000,0.060972,0.000000,-1516.592855,19343.777684,314.476817,29485.012151,3.626051,0.341372,140924.937715,0.002023,2.085788,-2.741926,260.566652,8344.484133,157.249923,160321.391083,689.590385,0.831498,0.000000,55.995953
2026-07,593250,593239,587816,587711,65,40,0.999997,94553436.000000,92170352.000000,92170352.000000,0.000000,-516959.000000,87076.995200,0.000000,-442386407.000000,17908432645.000000,61930384.000000,16984751186.000000,626061.000000,464630.773500,86021610709.000000,11901.000000,0.000000,-516959.000000,52591606.000000,3873008971.000000,69405225.000000,90032860314.000000,379122124.859000,286473.000000,0.000000,9338778.000000,0.148147,0.000000,-752.644557,30468.125009,105.363921,28896.639512,1.065135,0.790490,146351.009073,0.020248,0.000000,-0.879517,89.475593,6589.260145,118.081080,153175.461934,645.011237,0.487385,0.000000,15.888328
